"Time (s)","Linear Acceleration x (m/s^2)","Linear Acceleration y (m/s^2)","Linear Acceleration z (m/s^2)","Absolute acceleration (m/s^2)"
2.560233333E-2,-3.755908725E-3,1.036749708E-2,-9.960731864E-3,1.485961053E-2
3.566333331E-2,-1.291772364E-2,-3.072090559E-3,9.797594547E-3,1.650146003E-2
4.572533333E-2,-1.032081528E-3,7.755984385E-3,4.407631159E-3,8.980406365E-3
5.578633334E-2,6.092042683E-3,8.978966083E-3,-7.421286106E-3,1.314573328E-2
6.584733332E-2,5.509765071E-3,-7.903772760E-3,1.742645681E-2,1.991252199E-2
7.590933333E-2,-5.697090675E-3,-9.161307849E-4,-6.974558830E-3,9.052105205E-3
8.597033331E-2,9.730429226E-4,3.817446101E-3,2.110844851E-4,3.945157022E-3
9.603233333E-2,-1.076118143E-2,1.392960258E-2,5.750736594E-3,1.851777052E-2
1.060933333E-1,-8.664187167E-3,1.036528610E-3,1.518463433E-2,1.751329925E-2
1.161553333E-1,-1.550841476E-2,-3.792796433E-3,6.054207087E-3,1.707482523E-2
1.262163333E-1,-5.819311186E-3,9.964733552E-3,1.713117242E-2,2.065520191E-2
1.362773333E-1,-1.856112043E-2,2.490018513E-3,-7.952213287E-5,1.872756544E-2
1.463393333E-1,-2.208543601E-2,-4.258965701E-4,2.117452204E-2,3.059915449E-2
1.564003333E-1,-1.425860439E-2,2.267093416E-3,-3.075050712E-3,1.476155305E-2
1.664623333E-1,3.047532253E-3,-5.709988810E-3,-9.659600258E-3,1.162752348E-2
1.765233333E-1,3.090296870E-3,4.007645063E-3,-1.249842346E-2,1.348412929E-2
1.865843333E-1,-6.430224166E-3,1.465540649E-2,8.160958886E-3,1.796468681E-2
1.966463333E-1,-1.368414286E-2,-8.997439630E-3,5.465392470E-3,1.726499929E-2
2.067073333E-1,-1.189408631E-2,3.842589129E-3,-2.467525005E-3,1.274062243E-2
2.167693333E-1,3.669799338E-3,1.339469198E-3,3.748065233E-4,3.924548999E-3
2.268303333E-1,1.278590547E-2,-2.821007464E-3,6.061223745E-3,1.442830188E-2
2.368913333E-1,-1.061901643E-2,-5.355135910E-3,-3.067449331E-3,1.228211040E-2
2.469533333E-1,-1.184436671E-2,-7.958882768E-3,-4.266713262E-3,1.489421631E-2
2.570143333E-1,-8.911254869E-3,5.284969322E-4,-1.574070454E-3,9.064627414E-3
2.670763333E-1,5.787265704E-3,3.440008331E-3,2.262872458E-4,6.736268074E-3
2.771373333E-1,-5.996838135E-3,3.000571802E-3,4.114685655E-3,7.867409790E-3
2.871983333E-1,-1.835292529E-3,9.521953147E-3,2.316666842E-3,9.970097073E-3
2.972603333E-1,8.761735170E-3,1.842494197E-3,-4.122287035E-3,9.856776271E-3
3.073213333E-1,2.592212996E-2,-2.505440544E-3,1.566469073E-3,2.608999577E-2
3.173833333E-1,4.576467227E-3,3.289186712E-3,1.054837704E-2,1.195955934E-2
3.274443333E-1,8.451186349E-3,5.210910682E-3,-3.827002645E-3,1.064058692E-2
3.375053333E-1,-8.156916085E-3,1.350999177E-3,2.306141853E-3,8.583633790E-3
3.475673333E-1,5.996664546E-3,-8.196827900E-3,-1.146288157E-2,1.531488254E-2
3.576283333E-1,1.385199906E-2,-3.248548564E-3,6.350076199E-3,1.558057809E-2
3.676903333E-1,2.178141049E-2,5.167677831E-3,1.262413859E-3,2.242160623E-2
3.777513333E-1,3.946084846E-3,4.945154730E-3,2.761055231E-3,6.902866572E-3
3.878123333E-1,4.684252425E-3,-3.757566959E-3,5.902764201E-3,8.420460524E-3
3.978743333E-1,-1.754055974E-2,6.225201599E-3,-2.628908157E-3,1.879722131E-2
4.079353333E-1,-3.862746034E-3,5.585351754E-3,2.132538021E-2,2.238054517E-2
4.179973333E-1,4.098507597E-3,1.112432778E-2,1.279546201E-2,1.744340222E-2
4.280583333E-1,7.645800915E-3,1.265883816E-2,-6.661148071E-3,1.621959768E-2
4.381193333E-1,-1.330141062E-3,8.432086967E-3,7.560449839E-3,1.140305957E-2
4.481813333E-1,1.181695103E-2,1.402193377E-2,1.699376285E-2,2.500085867E-2
4.582423333E-1,1.070049144E-2,1.295370229E-2,1.010866642E-2,1.960826501E-2
4.683043333E-1,1.682236177E-2,5.910603125E-3,-3.515930772E-3,1.817385083E-2
4.783653333E-1,2.735156177E-3,1.964554824E-3,8.908817768E-3,9.524053181E-3
4.884263333E-1,1.185146559E-2,1.800540425E-3,-3.063356280E-3,1.237268500E-2
4.984883333E-1,5.351746352E-3,1.014654541E-2,-1.009521782E-2,1.528093570E-2
5.085493333E-1,3.122063696E-3,-8.251554184E-3,-2.009688020E-3,9.048440424E-3
5.186113333E-1,-5.253147678E-3,-9.765288681E-3,1.610264719E-2,1.955125750E-2
5.286723333E-1,3.921638459E-3,-5.558947921E-3,1.056416452E-2,1.256513916E-2
5.387333333E-1,-7.462143525E-4,7.846597955E-3,-6.199218035E-3,1.002777341E-2
5.487953333E-1,-9.407053075E-3,2.510940582E-3,-1.709725857E-3,9.885374685E-3
5.588563333E-1,-3.636123030E-4,-1.443706781E-2,-5.750736594E-3,1.554452033E-2
5.689183333E-1,1.060090833E-2,5.367378518E-3,-6.314992905E-5,1.188242389E-2
5.789793333E-1,1.042623875E-2,2.982993610E-4,9.840863943E-4,1.047682505E-2
5.890413333E-1,5.931694214E-3,-3.213428725E-3,6.368787289E-3,9.277530488E-3
5.991023333E-1,5.504744689E-3,4.687000159E-3,1.504839420E-2,1.669503976E-2
6.091633333E-1,-2.860188377E-3,-1.793779582E-3,4.269052148E-3,5.442713384E-3
6.192253333E-1,-2.937108956E-3,-1.051201466E-2,8.760298491E-3,1.399542393E-2
6.292863333E-1,9.964066604E-4,-2.543721534E-4,6.759381294E-4,1.230619267E-3
6.393483333E-1,1.365815473E-2,4.254598562E-3,-7.560449839E-3,1.618045739E-2
6.494093333E-1,-1.295479864E-2,8.092382010E-3,-6.957017183E-3,1.678432431E-2
6.594703333E-1,-4.219309702E-3,1.061317150E-2,-5.168938637E-4,1.143281080E-2
6.695323333E-1,-1.496255434E-2,4.426616337E-3,-5.905103087E-3,1.668362092E-2
6.795933333E-1,-1.399757646E-2,1.745616797E-2,-2.459338903E-3,2.250995990E-2
6.896553333E-1,-1.394183148E-2,-2.263475452E-3,-3.613579273E-4,1.412899734E-2
6.997163333E-1,-8.598746317E-3,-7.380099781E-3,1.520393014E-2,1.896216767E-2
7.097773333E-1,-9.952518353E-3,-2.528738044E-4,5.025681853E-3,1.115231119E-2
7.198393333E-1,4.674024365E-3,7.182262894E-3,1.056884229E-2,1.360631587E-2
7.299003333E-1,-7.780951539E-3,-4.391697496E-3,1.139037609E-3,9.007087233E-3
7.399623333E-1,-5.784010906E-3,3.613743726E-3,1.745920122E-2,1.874400259E-2
7.500233333E-1,-5.396662562E-3,7.928148340E-3,-4.394767284E-3,1.054957262E-2
7.600843333E-1,4.829752163E-3,9.562536478E-3,-7.685580254E-3,1.318471667E-2
7.701463333E-1,5.028107534E-3,-2.315899394E-3,-8.022379875E-4,5.593642925E-3
7.802073333E-1,1.001461304E-3,-1.461677833E-2,3.084990978E-3,1.497231788E-2
7.902693333E-1,1.831617462E-4,-1.224644501E-2,2.633585930E-3,1.252775871E-2
8.003303333E-1,-1.215503430E-2,3.287432548E-3,1.116701245E-2,1.683015860E-2
8.103913333E-1,-8.816287864E-3,1.706783976E-3,3.531133533E-3,9.649297761E-3
8.204533333E-1,-9.542758728E-3,-7.411071751E-3,4.429265857E-3,1.286882375E-2
8.305143333E-1,9.621209633E-3,1.645740872E-2,-3.053416014E-3,1.930640635E-2
8.405763333E-1,9.835656267E-4,2.213182088E-2,1.206806839E-2,2.522742895E-2
8.506373333E-1,-2.736314200E-6,1.461948266E-2,2.189782262E-3,1.478257174E-2
8.606983333E-1,2.813913147E-3,8.999942970E-3,6.379312277E-3,1.138475761E-2
8.707603333E-1,4.837451759E-4,6.653765962E-4,6.381651163E-3,6.434454676E-3
8.808213333E-1,-1.537667882E-2,6.928274464E-3,6.940644979E-4,1.687972050E-2
8.908833333E-1,1.502968311E-2,-6.563554388E-3,5.487611890E-3,1.729408873E-2
9.009438333E-1,-2.143794824E-3,6.432284396E-3,3.239357471E-3,7.514224885E-3
9.110048333E-1,-1.576083175E-2,1.138021655E-2,1.296912432E-2,2.336902505E-2
9.210668333E-1,1.344083017E-4,7.932753023E-3,2.047694921E-3,8.193881291E-3
9.311278333E-1,8.467236499E-3,6.721648481E-3,-9.431558847E-4,1.085192127E-2
9.411898333E-1,5.527213071E-3,-4.334942959E-3,2.951674461E-3,7.619330477E-3
9.512508333E-1,1.544685226E-2,-3.307331353E-4,4.000664949E-3,1.595994828E-2
9.613118333E-1,1.597035622E-2,-3.411868606E-3,1.088459194E-2,1.962568385E-2
9.713738333E-1,-1.246743550E-2,-3.510211464E-3,1.596991539E-2,2.056202154E-2
9.814348333E-1,1.005662163E-2,-1.753634792E-3,4.445053339E-3,1.113415344E-2
9.914968333E-1,-1.007991685E-2,-6.381431893E-3,1.013556361E-2,1.565429802E-2
1.001557833E0,6.805400709E-3,9.082187712E-3,8.042260408E-3,1.390962131E-2
1.011619833E0,2.221601850E-2,4.973331001E-3,4.098898172E-4,2.276957419E-2
1.021680833E0,5.186185639E-3,-1.167871691E-3,1.851930141E-2,1.926719935E-2
1.031741833E0,-1.753709938E-2,1.056849511E-2,8.639261127E-3,2.222340605E-2
1.041803833E0,-1.555706542E-2,1.314960228E-2,-2.440627813E-3,2.051562792E-2
1.051864833E0,3.697591885E-3,5.423383880E-3,-9.025762081E-3,1.116018188E-2
1.061926833E0,-5.971114954E-3,1.151314935E-2,-4.686543345E-3,1.379023242E-2
1.071987833E0,-1.978684072E-3,-3.943106420E-3,-3.641061187E-3,5.720192782E-3
1.082048833E0,-1.473129011E-2,2.047018837E-3,2.000975668E-2,2.493173794E-2
1.092110833E0,1.153636234E-2,-3.488668129E-3,1.057995200E-2,1.603726428E-2
1.102171833E0,1.130256736E-2,-1.643560957E-3,-3.491957188E-3,1.194332812E-2
1.112233833E0,-2.230472944E-3,-2.352755126E-3,1.749486923E-3,3.683906993E-3
1.122294833E0,-8.309354824E-3,-3.808693551E-3,1.881575525E-2,2.091851261E-2
1.132355833E0,1.263089944E-6,6.652505156E-3,7.592609525E-3,1.009472862E-2
1.142417833E0,1.330653150E-2,-2.817590497E-3,1.602721810E-3,1.369566771E-2
1.152478833E0,-4.113246691E-3,-2.124878168E-3,7.887309194E-3,9.145684878E-3
1.162540833E0,-7.394576208E-3,2.350873053E-3,-7.231251597E-3,1.060647732E-2
1.172601833E0,-2.386478257E-2,1.241831660E-2,-2.738251090E-3,2.704145805E-2
1.182662833E0,-1.177999252E-3,-7.603774052E-3,5.194666386E-3,9.283836542E-3
1.192724833E0,-2.514759544E-4,-9.284684099E-3,6.393345594E-3,1.127579119E-2
1.202785833E0,5.359861648E-3,-8.190469053E-3,-4.836816788E-3,1.091818194E-2
1.212847833E0,3.410331428E-3,1.074206606E-3,7.291477919E-3,8.120956256E-3
1.222908833E0,-5.843472064E-3,-1.726322813E-2,1.687038660E-2,2.483495833E-2
1.232969833E0,-1.058336212E-2,-1.007922934E-2,2.091198206E-2,2.551292636E-2
1.243031833E0,-1.029039149E-2,-1.018584967E-3,-1.052089512E-2,1.475191196E-2
1.253092833E0,-6.141643517E-3,3.505003788E-3,-4.833893180E-3,8.565708372E-3
1.263154833E0,7.815671666E-4,-3.782709986E-3,7.742298245E-3,8.652336343E-3
1.273215833E0,-5.173271515E-3,-8.554896768E-3,1.417598963E-2,1.734669072E-2
1.283276833E0,-1.049976520E-2,1.526927277E-2,3.996571898E-3,1.895701314E-2
1.293338833E0,-1.219167304E-3,-1.300625414E-2,9.238600731E-3,1.600002372E-2
1.303399833E0,-1.583636590E-2,5.575247034E-3,5.493459105E-3,1.766499242E-2
1.313461833E0,-5.660554713E-3,-7.483303137E-3,6.538356543E-3,1.143642478E-2
1.323522833E0,-1.046769003E-2,-1.001238836E-2,9.681234956E-3,1.742259353E-2
1.333583833E0,3.139605343E-3,-2.145416513E-3,7.287969589E-3,8.220367051E-3
1.343645833E0,4.051391829E-3,-3.743058555E-3,5.191158056E-3,7.574456090E-3
1.353706833E0,-1.116107844E-2,1.270824714E-2,5.640224218E-3,1.782922731E-2
1.363768833E0,-1.393298072E-2,-3.272302877E-3,-7.530044317E-3,1.617212061E-2
1.373829833E0,-1.327800348E-2,-1.290034644E-2,1.103194177E-2,2.155059289E-2
1.383890833E0,-1.505096150E-2,-1.085815156E-2,1.602721810E-3,1.862792566E-2
1.393952833E0,1.073994187E-3,-5.029738359E-3,1.303344369E-3,5.305698636E-3
1.404013833E0,-8.763916455E-3,9.033948183E-3,1.058346033E-4,1.258688414E-2
1.414075833E0,-3.792753036E-3,-5.221782848E-3,-7.677394152E-3,1.002967460E-2
1.424136833E0,-3.773327032E-3,3.816203568E-3,-1.241948605E-3,5.508524567E-3
1.434197833E0,-1.055282412E-2,1.018522840E-2,1.058813810E-2,1.808893703E-2
1.444259833E0,-9.293395537E-3,-1.267822534E-3,-7.523027658E-3,1.202374816E-2
1.454320833E0,4.184664949E-4,8.832219243E-4,1.756503582E-3,2.010099502E-3
1.464382833E0,-1.224291612E-2,-4.879665915E-3,-2.287430763E-3,1.337656436E-2
1.474443833E0,-8.028905459E-3,-8.526154049E-3,-7.378601432E-3,1.384205132E-2
1.484504833E0,7.527301151E-3,-2.102223862E-2,8.938638568E-3,2.405190302E-2
1.494566833E0,-5.808123818E-3,-1.265118197E-2,-5.577659011E-3,1.499656586E-2
1.504627833E0,-8.586076589E-3,2.065845044E-2,8.042260408E-3,2.377330937E-2
1.514689833E0,2.294433718E-3,4.460822549E-3,-1.426077425E-2,1.511730949E-2
1.524750833E0,-5.896455604E-3,5.374230724E-3,-6.327272058E-3,1.018257906E-2
1.534811833E0,1.229509795E-2,2.531844378E-3,6.844750643E-3,1.429791177E-2
1.544873833E0,4.001299920E-3,-1.000568233E-2,9.684743285E-3,1.448855868E-2
1.554934833E0,5.537447983E-3,-6.483831257E-3,-3.339344859E-3,9.157216936E-3
1.564996833E0,-2.943570586E-4,6.731607020E-5,-3.191995025E-3,3.206245432E-3
1.575057833E0,-1.957791925E-2,1.070935819E-2,5.938432217E-3,2.309221194E-2
1.585118833E0,-4.778892808E-3,8.859628066E-3,1.147808433E-2,1.526686758E-2
1.595180833E0,-4.948480334E-4,5.090257041E-3,-4.089542627E-3,6.548278417E-3
1.605241833E0,1.135761798E-2,3.682612963E-3,9.985874891E-3,1.556517978E-2
1.615303833E0,-9.031746341E-3,3.388735559E-3,1.058462977E-2,1.432097616E-2
1.625364833E0,-2.893739061E-3,-3.925710954E-3,-9.774790406E-3,1.092389398E-2
1.635425833E0,-2.761375001E-3,2.442053072E-3,-4.970133305E-4,3.719655542E-3
1.645487833E0,-5.379036404E-3,-1.613575704E-3,-6.035495996E-3,8.244080975E-3
1.655548833E0,-1.501867619E-2,-1.227842197E-3,-8.728723526E-3,1.741432873E-2
1.665610833E0,-2.602568278E-3,-3.320414498E-3,-5.886391997E-3,7.242107762E-3
1.675671833E0,-1.144121489E-2,6.108969916E-3,-1.545419097E-3,1.306174689E-2
1.685732833E0,-1.444104665E-3,3.941662889E-3,-7.237683535E-3,8.366971230E-3
1.695794833E0,-4.125973522E-3,5.052560773E-3,1.821056843E-2,1.934365091E-2
1.705855833E0,1.548788098E-2,-4.458319210E-3,3.587500691E-2,3.932896119E-2
1.715917833E0,-2.477769053E-2,-4.291399475E-3,-1.337375164E-2,2.848170098E-2
1.725978833E0,-1.736230646E-2,7.049092557E-3,1.042383134E-2,2.144284616E-2
1.736040833E0,-1.645842285E-2,3.600057587E-4,-1.083606005E-2,1.970861447E-2
1.746101833E0,6.536759979E-3,-4.070703629E-3,-8.742756844E-3,1.165056463E-2
1.756162833E0,8.773922960E-3,-3.368379939E-3,8.373212814E-4,9.435508171E-3
1.766224833E0,-1.075465584E-2,7.082312051E-3,-1.203473926E-2,1.762545645E-2
1.776285833E0,8.641839840E-3,9.641017076E-3,-2.458169460E-3,1.317851293E-2
1.786347833E0,1.410107675E-2,-7.237190176E-3,3.075635433E-3,1.614548916E-2
1.796408833E0,-1.006931649E-2,5.107652508E-3,5.262494087E-4,1.130292825E-2
1.806469833E0,-6.218125555E-3,1.256526444E-2,-1.758491635E-2,2.248955844E-2
1.816531833E0,3.369936304E-2,1.408311026E-2,3.001258850E-2,4.727300003E-2
1.826592833E0,1.362826084E-3,2.161806989E-3,-1.444788516E-2,1.467215355E-2
1.836654833E0,-1.285123897E-2,-3.859180603E-3,1.189616024E-2,1.793226830E-2
1.846715833E0,-6.095589842E-3,-7.931400854E-3,1.267091632E-3,1.008309755E-2
1.856776833E0,-2.516746684E-2,8.538944833E-4,-2.912322700E-2,3.850055680E-2
1.866838833E0,-2.716467471E-2,1.202450663E-2,-2.463607371E-2,3.859332118E-2
1.876899833E0,-4.001276166E-2,1.738706119E-2,-4.200230420E-2,6.056009041E-2
1.886961833E0,-3.690207034E-2,5.607443266E-3,-4.050424755E-2,5.507994449E-2
1.897022542E0,8.236170525E-2,-2.837595284E-2,1.590325713E-1,1.813284421E-1
1.907083542E0,-5.846178685E-3,1.824243575E-2,2.009103298E-3,1.926138010E-2
1.917145542E0,-5.555654294E-3,2.114006002E-3,-1.131319284E-2,1.277977497E-2
1.927206542E0,-9.053897238E-3,1.458149403E-3,1.188621998E-2,1.501271062E-2
1.937268542E0,1.990954089E-3,6.167167984E-4,-4.428681135E-3,4.894635266E-3
1.947329542E0,1.936718423E-2,-1.513454927E-2,4.691747367E-2,5.296594890E-2
1.957390542E0,2.793343282E-2,-9.836661257E-3,6.084144831E-2,6.766622796E-2
1.967452542E0,-2.335327225E-2,-4.729008749E-3,-5.561696112E-2,6.050607584E-2
1.977513542E0,-7.263155468E-4,1.023365065E-2,-3.527040482E-3,1.084873977E-2
1.987575542E0,-1.693133469E-2,7.550034486E-3,-3.900209785E-2,4.318375564E-2
1.997636542E0,1.063661974E-2,2.587027475E-4,1.503845394E-2,1.842171826E-2
2.007697542E0,-5.154489619E-3,6.915246136E-3,-1.055773258E-2,1.363286872E-2
2.017759542E0,1.511893081E-2,1.186730789E-2,2.057869077E-2,2.815843709E-2
2.027820542E0,3.205549145E-2,8.806802128E-3,7.102437437E-2,7.841923265E-2
2.037882542E0,3.269228521E-3,8.921645097E-3,-9.356714487E-3,1.333535573E-2
2.047943542E0,-2.170655014E-2,1.241161058E-2,-2.192939758E-2,3.325839555E-2
2.058004542E0,-5.988191108E-2,2.347537399E-1,-1.324686706E-2,2.426327290E-1
2.068066542E0,-2.210321703E-1,1.317475920E0,1.205286562E-2,1.335942847E0
2.078127542E0,-3.074224427E-1,1.200226017E0,-3.105690122E-2,1.239360956E0
2.088189542E0,-5.099857438E-1,8.635973530E-1,-1.051393694E-1,1.008434497E0
2.098250542E0,-1.442179926E-1,5.852182131E-2,6.594431341E-2,1.690333856E-1
2.108311542E0,3.093578345E-1,-4.471187469E-1,-9.437990785E-2,5.518378482E-1
2.118373542E0,3.471505089E-1,-4.666978927E-2,2.701004326E-2,3.513133751E-1
2.128434542E0,1.396467125E-1,1.495425220E-1,-9.214334786E-2,2.243982326E-1
2.138496542E0,-8.715505164E-2,6.575875202E-1,1.282095587E-1,6.756145652E-1
2.148557542E0,-2.150374038E-1,6.754535414E-1,1.248555958E-2,7.089671790E-1
2.158618542E0,-1.549859326E-1,8.782502561E-1,-1.732722956E-1,9.084973528E-1
2.168680542E0,-1.289604783E-1,1.119461131E0,1.158684254E-2,1.126924258E0
2.178741542E0,-1.238879913E-1,1.171473576E0,-9.214042425E-3,1.178042220E0
2.188803542E0,-1.580796944E-1,9.515635230E-1,-1.059164643E-1,9.704023009E-1
2.198864542E0,9.856441291E-3,8.341893665E-1,-9.289237618E-2,8.394033847E-1
2.208925542E0,-1.847661857E-1,9.307601530E-1,8.289597631E-3,9.489582305E-1
2.218987542E0,-1.763032364E-1,8.819310053E-1,3.582355142E-2,9.000935818E-1
2.229048542E0,-3.848479833E-1,9.487428262E-1,-1.492384851E-2,1.023935370E0
2.239110542E0,-6.366572656E-1,9.981909017E-1,-1.065368539E-1,1.188725221E0
2.249171542E0,-2.832387425E-1,1.557345078E0,-4.577668190E-2,1.583554035E0
2.259232542E0,-1.539966203E-1,1.465889801E0,4.072468758E-2,1.474519030E0
2.269294542E0,-1.148744718E-1,1.180634774E0,-4.938792229E-2,1.187237879E0
2.279355542E0,1.061346203E-1,1.030477765E0,2.799939215E-2,1.036307361E0
2.289417542E0,3.847921424E-1,1.385390160E0,8.577982306E-2,1.440391984E0
2.299478542E0,5.372306990E-1,1.436425974E0,6.422581673E-2,1.534946696E0
2.309539542E0,2.196609617E-1,1.043115060E0,-4.969022334E-2,1.067149982E0
2.319601542E0,3.641284477E-1,1.086639321E0,-8.202357173E-2,1.148957095E0
2.329662542E0,5.655212825E-1,1.594446831E0,-8.395432234E-2,1.693848678E0
2.339724542E0,5.299671781E-1,1.487953100E0,5.944396377E-2,1.580633804E0
2.349785542E0,5.606508442E-1,1.078159470E0,7.514256835E-3,1.215242229E0
2.359846542E0,4.914801468E-1,1.148712485E0,1.248719680E-1,1.255661625E0
2.369908542E0,-6.598678338E-2,9.309213169E-1,-2.113212973E-1,9.568831927E-1
2.379969542E0,-6.114728327E-1,1.018138312E0,-5.483518839E-3,1.187659344E0
2.390031542E0,-7.256681138E-1,1.137355073E0,1.847193897E-2,1.349263497E0
2.400092542E0,-6.573208871E-1,1.069974318E0,-1.129296148E-1,1.260820720E0
2.410153542E0,-2.558205453E-1,9.685890801E-1,-3.227663040E-4,1.001802906E0
2.420215542E0,2.950561663E-2,7.946000621E-1,-2.351516247E-2,7.954953192E-1
2.430276542E0,1.597826594E-2,5.440524993E-1,6.540636957E-2,5.482029005E-1
2.440338542E0,-2.536961788E-1,3.707117182E-1,5.983455777E-3,4.492490744E-1
2.450399542E0,-1.081820046E-1,6.781825832E-1,-1.423446178E-2,6.869043471E-1
2.460460542E0,1.490920398E-1,3.832656902E-1,1.059573948E-1,4.246739869E-1
2.470522542E0,2.488786943E-1,4.940300079E-1,-7.796677351E-3,5.532332613E-1
2.480583542E0,-5.570081385E-2,5.077667255E-1,-2.469220698E-2,5.114091642E-1
2.490645542E0,-1.137410256E-1,4.665617622E-1,-2.910977840E-2,4.811073457E-1
2.500706542E0,1.314085704E-1,5.073574935E-1,-5.873878956E-2,5.273803978E-1
2.510767542E0,2.331220379E-1,3.006593886E-1,5.681505561E-2,3.846685626E-1
2.520829542E0,3.766684595E-1,1.590663207E-1,5.589353442E-2,4.126806392E-1
2.530890542E0,4.499995605E-1,2.367435474E-1,7.488412142E-2,5.139598654E-1
2.540952542E0,4.903162220E-1,2.509791969E-1,-1.975189447E-3,5.508216192E-1
2.551013542E0,1.468697780E-1,3.312855145E-2,5.176247656E-2,1.592092541E-1
2.561074542E0,1.132526186E-2,4.684619246E-2,-1.263407886E-2,4.982416334E-2
2.571136542E0,-9.191274829E-4,3.495096412E-1,-7.258733511E-3,3.495862172E-1
2.581197542E0,8.241296888E-2,3.507400781E-1,-7.027885437E-2,3.670825754E-1
2.591259542E0,1.405439769E-1,2.795187256E-1,7.311124563E-2,3.212920504E-1
2.601320542E0,1.735014882E-1,2.036999999E-1,4.152458668E-2,2.707780413E-1
2.611381542E0,3.014024418E-1,4.924277247E-1,-2.371104419E-2,5.778327696E-1
2.621443542E0,-3.523688839E-2,6.021740422E-1,3.855887890E-2,6.044352757E-1
2.631504542E0,-4.093313716E-1,6.008966083E-1,-8.372394204E-2,7.318733525E-1
2.641566542E0,-4.728088544E-1,3.938789348E-1,-1.559803247E-2,6.155746313E-1
2.651627542E0,-5.172808397E-1,2.532232304E-1,-2.712406397E-2,5.765736609E-1
2.661688542E0,-3.657516713E-1,7.596519850E-3,7.213826895E-2,3.728752098E-1
2.671750542E0,2.085919723E-2,5.149085512E-2,-3.818114877E-2,6.741078839E-2
2.681811542E0,2.892201883E-1,2.537010758E-1,-2.126281500E-2,3.853111217E-1
2.691873542E0,6.909736963E-3,2.710654242E-1,6.990521729E-2,2.800195494E-1
2.701934542E0,-1.568183952E-1,1.668152336E-1,-5.538014889E-2,2.355552847E-1
2.711995542E0,-1.284118815E-1,2.121912899E-1,3.592119992E-2,2.506094320E-1
2.722057542E0,-2.860334101E-2,1.984946623E-1,-1.252625620E-1,2.364508226E-1
2.732118542E0,1.068543760E-1,1.917855853E-1,4.194675565E-2,2.235153210E-1
2.742180542E0,4.069828009E-1,3.370342411E-1,-2.636509538E-3,5.284259939E-1
2.752241542E0,8.868792846E-1,2.637145422E-2,-1.009755671E-2,8.873287326E-1
2.762302542E0,1.046680546E0,-3.688539116E-1,-1.757205248E-2,1.109910875E0
2.772364542E0,8.714769146E-1,1.238513365E-4,1.101381540E-2,8.715465175E-1
2.782425542E0,6.138359483E-1,2.542348352E-1,2.510502040E-2,6.648760674E-1
2.792487542E0,4.594587108E-1,-5.138995411E-2,-1.965307653E-2,4.627412644E-1
2.802548542E0,3.602200592E-1,-5.037533429E-2,2.945710301E-2,3.649162729E-1
2.812609542E0,5.840903400E-2,-1.360805323E-1,-2.845255136E-3,1.481135443E-1
2.822671542E0,-8.615561631E-3,-1.346477817E-1,-2.585814178E-2,1.373786611E-1
2.832732542E0,1.608713379E-1,-1.332128019E-1,1.974604726E-3,2.088758890E-1
2.842794542E0,9.242996193E-2,-1.499167987E-1,-4.651401579E-2,1.821589911E-1
2.852855542E0,1.543450047E-1,-3.637921963E-2,6.709212184E-2,1.721835675E-1
2.862916542E0,6.406180690E-2,-1.632226495E-1,-6.209041357E-2,1.860128164E-1
2.872978542E0,-3.121128233E-1,-2.082487134E-1,2.937875032E-2,3.763576119E-1
2.883039542E0,-5.558232002E-1,-2.206830367E-1,3.477806926E-2,5.990408556E-1
2.893101542E0,-4.178740440E-1,-4.555018269E-1,-3.806537390E-3,6.181546091E-1
2.903163042E0,-2.521237163E-1,-3.172842104E-1,-3.343554854E-2,4.066369073E-1
2.913224042E0,-1.208188883E-1,-4.170873012E-1,6.955906212E-2,4.397698076E-1
2.923286042E0,-1.319930179E-1,-3.079293597E-1,6.655944049E-2,3.415740132E-1
2.933347042E0,-2.271498197E-1,-2.519272864E-1,-3.035874367E-3,3.392250208E-1
2.943409042E0,-3.746495987E-1,-2.195255621E-1,-1.486245275E-2,4.344820902E-1
2.953470042E0,-4.193253230E-1,2.433996705E-2,3.797298789E-2,4.217441265E-1
2.963531042E0,-3.393764530E-1,-4.319367439E-1,5.055151820E-2,5.516350093E-1
2.973593042E0,-1.870601215E-1,-7.194610751E-1,1.110357016E-1,7.516280029E-1
2.983654042E0,1.087715044E-1,-2.848250738E-1,-1.264928162E-1,3.300863454E-1
2.993716042E0,2.481971831E-1,-3.440136970E-1,6.256169915E-2,4.287904285E-1
3.003777042E0,2.084015267E-1,-7.181613853E-1,-2.678375602E-2,7.482675599E-1
3.013838042E0,5.566788215E-2,-2.488838837E-1,9.002957940E-3,2.551923861E-1
3.023900042E0,-3.225441829E-1,8.037942605E-2,-3.229007900E-2,3.339734290E-1
3.033961042E0,-2.717406680E-1,-4.801461598E-1,6.909128487E-2,5.560188226E-1
3.044023042E0,-3.905568209E-2,-4.606671841E-1,-2.952493072E-2,4.632616133E-1
3.054084042E0,-7.813901969E-2,-2.742593196E-1,3.410154641E-2,2.872051466E-1
3.064145042E0,-8.944699572E-2,-5.832403193E-1,5.804121673E-2,5.929070905E-1
3.074207042E0,2.196407888E-2,-5.173995017E-1,1.391344965E-2,5.180523614E-1
3.084268042E0,-9.342425354E-3,-1.249960569E-1,-1.176459789E-3,1.253502262E-1
3.094330042E0,5.834519885E-2,-3.972857054E-1,-4.563868761E-2,4.041323839E-1
3.104391042E0,1.833408355E-1,-4.175456498E-1,3.896584511E-3,4.560410234E-1
3.114452042E0,1.639029548E-1,-8.910073092E-2,-1.542957419E-1,2.420956315E-1
3.124514042E0,-2.710117212E-1,-1.539507562E-1,1.207192755E-1,3.342474111E-1
3.134575042E0,-3.796851112E-1,-6.645861988E-1,-1.997993588E-2,7.656597136E-1
3.144637042E0,-4.829446007E-1,-6.208811123E-3,2.002846777E-2,4.833996030E-1
3.154698042E0,-2.370153881E-1,-1.622523954E-1,2.558741570E-2,2.883692943E-1
3.164759042E0,-8.661782043E-2,-3.245770771E-1,-8.548687756E-2,3.466423690E-1
3.174821042E0,2.141686720E-1,-1.059282099E0,2.423553944E-2,1.080987580E0
3.184882042E0,5.998593488E-1,-1.302338063E0,3.170535743E-2,1.434196953E0
3.194943042E0,2.959773586E-1,-9.080956142E-2,6.193663180E-2,3.157295039E-1
3.205005042E0,-1.645150669E-1,-5.823746025E-1,-1.842750013E-2,6.054460815E-1
3.215066042E0,-3.995553752E-1,-7.457831204E-1,1.856549442E-2,8.462751551E-1
3.225128042E0,-2.515219647E-1,-4.881864468E-1,1.100159472E-1,5.600828637E-1
3.235189042E0,-3.640856534E-1,-1.931550946E-2,-8.969628811E-3,3.647079738E-1
3.245250042E0,-2.876125146E-1,-5.409208768E-1,5.812073886E-2,6.153814864E-1
3.255312042E0,-1.894295046E-1,4.234291913E-1,-1.059100324E-1,4.758074739E-1
3.265373042E0,-2.411027655E-2,5.670998114E-1,1.208853364E-1,5.803419390E-1
3.275435042E0,-4.542917456E-2,-1.061345289E0,-9.146565557E-2,1.066247438E0
3.285496042E0,4.546888812E-1,-1.956943942E0,7.862283111E-2,2.010610136E0
3.295557042E0,4.633081522E-1,-7.771711202E-1,1.165028483E-1,9.122621924E-1
3.305619042E0,1.108632636E-1,7.214928729E-2,-2.614114702E-2,1.348315335E-1
3.315680042E0,-1.354721295E-1,-4.408291529E-1,7.100741744E-2,4.666102155E-1
3.325742042E0,2.772495674E-2,-1.195425379E0,-1.086588085E-2,1.195796211E0
3.335803042E0,2.910503668E-1,-2.429151374E-1,3.362616777E-2,3.805900670E-1
3.345864042E0,1.070970172E-1,-2.256750971E-1,-3.178195596E-2,2.518116623E-1
3.355926042E0,-1.363178561E-1,-5.129710398E-1,1.616263962E-1,5.548377578E-1
3.365987042E0,-9.910071222E-2,-9.315376865E-1,-7.921690822E-2,9.401376129E-1
3.376049042E0,2.493860682E-1,-9.014724000E-1,6.568528175E-2,9.376355663E-1
3.386110042E0,-7.837171147E-2,-6.109064933E-1,-9.985290170E-2,6.239547024E-1
3.396171042E0,1.162821159E-2,-9.914440919E-1,6.135366440E-2,9.934087149E-1
3.406233042E0,4.437484849E-2,-1.013636176E0,-6.676233888E-2,1.016801177E0
3.416294042E0,3.325379515E-1,-6.924025731E-1,7.454732180E-2,7.717254146E-1
3.426356042E0,7.368588075E-2,-7.492610443E-1,-6.705353022E-2,7.558557385E-1
3.436417042E0,-2.787492412E-2,-4.141799925E-1,6.961870372E-2,4.209142923E-1
3.446478042E0,4.210480863E-2,-9.072745921E-1,7.334630370E-2,9.112078142E-1
3.456540042E0,-4.962008964E-1,-1.597506971E0,5.975386620E-2,1.673862114E0
3.466601042E0,-1.185133037E-1,-9.862200433E-1,1.917828262E-2,9.935004698E-1
3.476663042E0,-1.785758116E-1,-3.566143736E-1,-3.260407448E-3,3.988405223E-1
3.486724042E0,-3.705778170E-1,-4.698978546E-1,-1.606230140E-3,5.984433909E-1
3.496785042E0,-3.150685908E-1,-4.785881692E-1,-1.193960506E-1,5.852950278E-1
3.506847042E0,-4.531550469E-1,-2.050179623E-1,-2.884139121E-2,4.982104849E-1
3.516908042E0,-3.552056697E-1,-1.129531133E-1,9.182233572E-2,3.838760411E-1
3.526970042E0,-1.468168425E-1,-4.277228017E-1,7.626815736E-2,4.586052902E-1
3.537031042E0,1.456449234E-1,-1.049784686E0,2.313509345E-2,1.060092243E0
3.547092042E0,2.135556463E-1,-9.489254055E-1,-9.780228317E-2,9.775636685E-1
3.557154042E0,2.521711884E-1,1.467159963E-1,8.601722002E-2,3.041625453E-1
3.567215042E0,-2.107477220E-1,-9.923335996E-1,-6.936201096E-2,1.016834138E0
3.577277042E0,1.787344447E-2,-1.901351101E0,8.542548180E-2,1.903353089E0
3.587338042E0,1.310904271E-1,-5.172338427E-1,-7.697625518E-2,5.391112056E-1
3.597399042E0,1.203422762E-1,-8.308065696E-2,1.361845762E-1,1.998271698E-1
3.607461042E0,-4.087383908E-1,-1.847897317E0,-5.871773958E-2,1.893472825E0
3.617522042E0,4.323193710E-4,-9.822861828E-1,-5.586897612E-2,9.838738101E-1
3.627584042E0,2.982079983E-4,-4.943113321E-1,2.795811081E-1,5.678990914E-1
3.637645042E0,-9.478494630E-2,-6.270165957E-1,-1.614006937E-1,6.543578388E-1
3.647706042E0,-2.474948959E-1,-7.576524565E-1,3.155508399E-2,7.976758062E-1
3.657768042E0,-3.709389099E-2,-1.189565885E0,4.428096414E-2,1.190967571E0
3.667829042E0,-4.855561225E-2,-3.898209671E-1,3.545166850E-2,3.944297842E-1
3.677891042E0,-3.425854415E-2,-1.953236807E-1,5.664782524E-3,1.983861836E-1
3.687952042E0,3.962909295E-3,-1.936521445E-1,1.509984970E-2,1.942803726E-1
3.698013042E0,-4.691074938E-3,-1.652849625E-1,-9.746139050E-3,1.656384986E-1
3.708075042E0,-1.069204495E-2,-1.362689588E-1,-2.321344614E-2,1.386449171E-1
3.718136042E0,-7.799518732E-3,-1.583049036E-1,-6.741839647E-3,1.586402452E-1
3.728198042E0,-1.096871875E-2,-1.013828439E-1,3.696609735E-2,1.084679040E-1
3.738259042E0,-2.014229205E-2,-5.530735105E-2,2.439399898E-2,6.371563541E-2
3.748320042E0,-8.588490849E-3,-1.499999022E-2,1.811058104E-2,2.503507594E-2
3.758382042E0,-4.420778258E-3,1.184682436E-3,1.557230473E-2,1.623094043E-2
3.768443042E0,-1.385283960E-2,-1.084537905E-2,-1.511329830E-2,2.319343004E-2
3.778504042E0,-1.526698414E-2,3.334740177E-5,-1.945544064E-2,2.473046880E-2
3.788566042E0,5.852048742E-3,-5.504660178E-3,7.643480301E-3,1.108920869E-2
3.798627042E0,-1.976526998E-2,3.801932707E-3,-3.881381750E-3,2.049843199E-2
3.808689042E0,-2.312077691E-2,9.255521111E-3,7.630616426E-4,2.491620475E-2
3.818750042E0,-1.229066001E-2,-9.196610413E-3,3.039908946E-2,3.405499385E-2
3.828811042E0,-7.628775467E-3,-7.332006432E-3,2.755617321E-2,2.951777795E-2
3.838873042E0,-1.011593889E-2,-3.269580267E-3,-8.967874646E-3,1.390845608E-2
3.848934042E0,-1.595726622E-2,-1.706261382E-2,1.528345227E-2,2.791685958E-2
3.858996042E0,-1.173091245E-2,-1.471674744E-2,-2.525412440E-3,1.898880381E-2
3.869057042E0,-1.302570526E-2,-1.638901457E-2,-1.958875716E-2,2.867033664E-2
3.879118042E0,4.128956515E-3,-2.730375621E-3,-2.332688212E-2,2.384631340E-2
3.889180042E0,-1.711214613E-2,3.757512141E-3,-4.911076427E-3,1.819513985E-2
3.899240833E0,-3.764729798E-3,-2.770301141E-3,8.562662601E-3,9.755354924E-3
3.909302833E0,2.856170244E-2,6.032133847E-4,3.835598052E-2,4.782589208E-2
3.919363833E0,-7.329119369E-4,-4.742603526E-3,1.845381260E-2,1.906758106E-2
3.929424833E0,3.242683075E-3,-3.774797972E-3,2.292108536E-3,5.478855245E-3
3.939486833E0,7.640163833E-3,-4.065950939E-2,2.474366248E-2,4.820598138E-2
3.949547833E0,7.271615658E-3,-7.108938809E-2,9.176620245E-3,7.204712245E-2
3.959609833E0,1.487537509E-1,-4.428614258E-1,-2.614582479E-2,4.679076031E-1
3.969670833E0,5.867969248E-1,-1.155492624E0,-5.771728098E-2,1.297237496E0
3.979731833E0,3.820742469E-1,-6.453341682E-1,2.704103351E-2,7.504452920E-1
3.989793833E0,2.109038426E-1,-2.330315887E-1,-7.557526231E-2,3.232580586E-1
3.999854833E0,7.343395346E-1,-4.781436346E-1,6.342884123E-2,8.785778881E-1
4.009916833E0,1.109171128E0,-5.611127011E-1,8.790411651E-2,1.246128079E0
4.019977833E0,9.019591807E-1,-7.374138544E-1,4.362315238E-2,1.165852708E0
4.030038833E0,1.002920714E0,-8.054747137E-1,2.708488762E-2,1.286613021E0
4.040100833E0,1.259777935E0,-8.038225830E-1,2.546427333E-1,1.515920219E0
4.050161833E0,-7.549375943E-1,2.266910874E-1,1.044090521E-1,7.951231795E-1
4.060223833E0,-1.003571363E0,-5.847525555E-1,-4.905053794E-2,1.162539026E0
4.070284833E0,-2.587540020E-1,-2.859461130E-1,7.773171544E-2,3.933967878E-1
4.080345833E0,-1.964588811E-1,-7.084680904E-1,-2.421560043E-1,7.740559783E-1
4.090407833E0,-2.580987484E-2,-7.115008950E-1,-1.987819433E-2,7.122463169E-1
4.100468833E0,2.233962362E-1,-7.395329585E-1,-1.223956722E-1,7.821736224E-1
4.110530833E0,2.722909823E-1,-6.878836986E-1,2.117142302E-1,7.695123632E-1
4.120591833E0,1.994845959E-1,-9.739737810E-1,1.006335050E-1,9.992728018E-1
4.130652833E0,2.513091991E-1,-7.036059844E-1,1.274225235E-2,7.472483255E-1
4.140714833E0,-7.392867724E-2,-6.314575560E-1,4.699816525E-2,6.375052328E-1
4.150775833E0,3.892067537E-1,-3.065140047E-1,8.847363532E-2,5.032497554E-1
4.160836833E0,2.685278788E-1,-9.560207094E-1,1.316559076E-2,9.931043003E-1
4.170898833E0,5.264098782E-1,-1.127621505E0,-2.044987661E-1,1.261133365E0
4.180959833E0,7.734646433E-1,-5.600216838E-1,7.076592743E-2,9.575383320E-1
4.191021833E0,5.416866428E-1,-8.243884829E-1,2.344324172E-2,9.867068335E-1
4.201082833E0,1.666469983E-1,-7.269841759E-1,2.266731620E-2,7.461843078E-1
4.211143833E0,-1.780632026E-2,-2.284170027E-1,1.787435353E-2,2.298061894E-1
4.221205833E0,1.562359942E-1,-4.367142845E-1,2.181485063E-1,5.125600677E-1
4.231266833E0,-2.839054804E-2,-9.918824869E-1,-1.767350167E-1,1.007904835E0
4.241328833E0,5.040468365E-1,-7.771619108E-1,1.124425417E-1,9.331061967E-1
4.251389833E0,6.931426844E-1,-8.319008394E-1,-1.219664866E-1,1.089670414E0
4.261450833E0,6.768528532E-1,-6.188815107E-1,6.856152713E-2,9.196982071E-1
4.271512833E0,5.284297623E-1,-5.965455855E-1,-1.058439589E-1,8.039325798E-1
4.281573833E0,6.036965475E-1,-5.503841933E-1,6.047716677E-2,8.191640675E-1
4.291635833E0,7.541086053E-1,-6.343644992E-1,1.167303050E-1,9.923326411E-1
4.301696833E0,4.456850827E-1,-5.322210239E-1,9.306311488E-2,7.003964267E-1
4.311757833E0,5.036867577E-1,-5.563063630E-1,-1.291299105E-2,7.505623656E-1
4.321819833E0,5.775594935E-1,-7.278712716E-1,6.953918159E-2,9.317763972E-1
4.331880833E0,7.153426528E-2,-1.457273600E-1,-1.002405721E-1,1.907925231E-1
4.341942833E0,1.492935768E-1,-3.750164384E-1,2.462554872E-2,4.043912941E-1
4.352003833E0,3.280464494E-1,-6.250696190E-1,-6.061808467E-3,7.059484734E-1
4.362064833E0,5.600841759E-1,-4.971091517E-1,-2.418408394E-2,7.492640808E-1
4.372126833E0,3.292066466E-1,-2.480420309E-1,-9.063768983E-2,4.220391641E-1
4.382187833E0,5.311547476E-1,-5.225936199E-1,1.070747977E-1,7.527911196E-1
4.392249833E0,1.272997466E0,-9.602840605E-1,-1.409868944E-1,1.600795218E0
4.402310833E0,1.244030360E0,-4.147118333E-1,1.049294543E-1,1.315525610E0
4.412371833E0,7.019571427E-1,-1.385349376E-1,2.153734177E-1,7.472091195E-1
4.422433833E0,6.069033890E-2,-2.139117783E-1,1.459061569E-1,2.659514481E-1
4.432494833E0,-5.176779388E-1,-2.874272675E-1,-2.317637479E-1,6.358610833E-1
4.442556833E0,-5.110248123E-2,-6.164354011E-1,-1.099276543E-3,6.185509484E-1
4.452617833E0,4.759927729E-1,-5.848154131E-1,2.806897402E-2,7.545634861E-1
4.462678833E0,4.489438091E-1,-1.833335082E-1,1.770595372E-2,4.852578900E-1
4.472740833E0,-1.986894294E-1,1.527306981E-1,-7.719552577E-2,2.622275819E-1
4.482801833E0,-5.633037625E-2,-2.260339882E-2,1.010860795E-1,1.179085255E-1
4.492862833E0,6.698049849E-1,-2.815868858E-1,2.803213656E-2,7.271283881E-1
4.502924833E0,7.604758577E-1,-2.795537906E-1,7.976186872E-3,8.102699992E-1
4.512985833E0,4.132119128E-1,1.618079888E-2,1.379416645E-2,4.137586037E-1
4.523047833E0,4.913731062E-1,5.758961068E-2,-3.366358995E-2,4.958803586E-1
4.533108833E0,9.515551908E-1,-2.235838770E-1,7.036597788E-2,9.799991847E-1
4.543169833E0,1.356518948E0,-2.082283395E-1,-1.302701175E-2,1.372469454E0
4.553231833E0,7.634808149E-1,3.334740908E-1,4.220286369E-2,8.341996198E-1
4.563292833E0,5.992877834E-1,2.253825170E-1,-6.014446020E-3,6.402962595E-1
4.573354833E0,6.980063984E-1,3.989033010E-1,-6.708101213E-2,8.067444688E-1
4.583415833E0,5.929135144E-1,4.936442744E-1,-1.961740851E-2,7.717615875E-1
4.593476833E0,5.655748576E-1,4.572459052E-1,4.490837038E-2,7.286737947E-1
4.603538833E0,9.698965175E-1,2.295422993E-1,-1.315389633E-2,9.967757756E-1
4.613599833E0,7.524594712E-1,5.235126560E-1,6.436205685E-2,9.189141588E-1
4.623661833E0,6.634853873E-1,5.473280364E-1,1.000049293E-2,8.601632685E-1
4.633722833E0,1.006573415E-1,7.628651031E-1,-1.405881143E-1,7.822148578E-1
4.643783833E0,3.146468604E-1,6.618581072E-1,-1.433977014E-1,7.467407191E-1
4.653845833E0,1.439626886E0,4.300538673E-1,-3.694855571E-2,1.502942812E0
4.663906833E0,1.192518436E0,1.019613346E0,3.628372729E-2,1.569403742E0
4.673968833E0,1.125094192E0,1.134913787E0,-5.065501392E-2,1.598884666E0
4.684029833E0,9.243114050E-1,1.079839375E0,1.698171759E-1,1.431517559E0
4.694090833E0,7.704802244E-1,1.090180833E0,4.001658976E-2,1.335565555E0
4.704152833E0,7.867826271E-1,1.071114598E0,-1.143101424E-1,1.333934104E0
4.714213833E0,3.222385197E-1,1.231951181E0,4.917976141E-2,1.274346902E0
4.724275833E0,4.996012716E-1,1.313133193E0,-2.089449888E-1,1.420414806E0
4.734336833E0,8.787878345E-1,1.265237187E0,-5.915686548E-2,1.541620165E0
4.744397833E0,6.414847999E-1,1.493534121E0,-3.911494911E-2,1.625938775E0
4.754459833E0,3.128839248E-1,1.676975310E0,1.544653112E-1,1.712892896E0
4.764520833E0,7.399742771E-4,1.626928406E0,1.022561073E-2,1.626960709E0
4.774582833E0,-6.235828183E-1,1.646318504E0,1.351332468E-1,1.765639018E0
4.784643833E0,-3.355939623E-1,1.660193508E0,6.921816945E-2,1.695186405E0
4.794704833E0,1.389883526E-1,1.564128287E0,-1.214612871E-1,1.574981874E0
4.804766833E0,2.593926093E-1,1.454079303E0,-2.997528327E-1,1.507143956E0
4.814827833E0,-3.326556998E-1,1.473708698E0,-7.605181038E-2,1.512699910E0
4.824889833E0,-5.637739883E-1,1.702997904E0,-9.741051972E-2,1.796533267E0
4.834950833E0,-7.161573252E-1,1.704691696E0,-4.291856289E-4,1.849014678E0
4.845011833E0,-1.100634485E0,1.575920659E0,2.459186876E-1,1.937884980E0
4.855073833E0,-1.515314415E0,1.482219467E0,5.530179620E-2,2.120426988E0
4.865134833E0,-1.222679544E0,1.498695458E0,6.192844570E-2,1.935166266E0
4.875196833E0,-1.072334546E0,1.344152379E0,-4.262327850E-2,1.720018530E0
4.885257833E0,-9.664245871E-1,1.155857490E0,-6.915209591E-2,1.508232420E0
4.895318833E0,-9.715615122E-1,9.954821791E-1,7.144011140E-2,1.392846090E0
4.905381292E0,-7.915635299E-1,1.222655570E0,-5.738282025E-2,1.457652995E0
4.915442292E0,-1.147936487E0,1.363094288E0,4.524049222E-2,1.782647166E0
4.925503292E0,-7.672763888E-1,1.428727237E0,2.918111444E-2,1.621982156E0
4.935565292E0,-1.086522742E0,1.101771476E0,1.374189234E-1,1.553485119E0
4.945626292E0,-1.155492551E0,1.197231804E0,1.254403174E-2,1.663936411E0
4.955688292E0,-1.161468040E0,1.178716668E0,8.537110269E-2,1.657006101E0
4.965749292E0,-1.486180663E0,8.755021378E-1,-1.172068530E-1,1.728865062E0
4.975810292E0,-1.361936978E0,1.034832332E0,-4.871315360E-3,1.710489409E0
4.985872292E0,-1.071943952E0,9.225087816E-1,-5.968603849E-2,1.415502989E0
4.995933292E0,-7.371554806E-1,9.941844627E-1,-1.411646497E-1,1.245683911E0
5.005995292E0,-8.239693107E-1,9.053850643E-1,7.517940581E-2,1.226498872E0
5.016056292E0,-1.207678512E0,9.129819131E-1,3.270464659E-2,1.514296192E0
5.026117292E0,-1.397583651E0,7.840195253E-1,5.542809606E-2,1.603433489E0
5.036179292E0,-1.759000635E0,4.967230527E-1,2.326607108E-2,1.827938275E0
5.046240292E0,-1.902737183E0,6.351445909E-1,1.376598287E-1,2.010663489E0
5.056302292E0,-1.732678663E0,1.099700612E0,7.770247936E-2,2.053668537E0
5.066363292E0,-1.765989081E0,8.355449704E-1,4.283202410E-2,1.954146211E0
5.076424292E0,-1.682890938E0,3.761363263E-1,-5.226475239E-2,1.725204929E0
5.086486292E0,-1.011818934E0,6.558042656E-1,-9.671996355E-2,1.209632813E0
5.096547292E0,-9.946493894E-1,7.228569187E-1,-1.826026976E-2,1.229708490E0
5.106609292E0,-1.167058270E0,2.351846432E-1,1.869705677E-2,1.190666369E0
5.116670292E0,-1.142668438E0,5.017634623E-1,3.331451118E-2,1.248426044E0
5.126731292E0,-1.240768929E0,6.013472093E-1,-1.289960092E-1,1.384834276E0
5.136793292E0,-1.517961449E0,5.617731442E-1,2.905422986E-2,1.618839144E0
5.146854292E0,-1.703882588E0,5.287122560E-1,-6.162263632E-2,1.785090998E0
5.156915292E0,-1.538971957E0,3.015905394E-1,-1.192586410E-1,1.572772762E0
5.166977292E0,-1.372467521E0,1.445095129E-1,-3.528736174E-2,1.380505449E0
5.177038292E0,-1.309382496E0,-1.230755937E-1,5.630283952E-2,1.316358664E0
5.187100292E0,-1.323227241E0,1.799767313E-1,-1.941860318E-3,1.335412193E0
5.197161292E0,-1.428177453E0,1.894117071E-1,1.251251525E-1,1.446106475E0
5.207222292E0,-1.348505924E0,3.629500145E-2,-5.493400633E-2,1.350112328E0
5.217284292E0,-1.186422275E0,-9.885503780E-2,-6.406092525E-2,1.192255818E0
5.227345292E0,-1.239003508E0,2.448097631E-1,1.856549442E-2,1.263093896E0
5.237407292E0,-1.472293379E0,3.477293467E-2,1.348718762E-2,1.472765717E0
5.247468292E0,-1.199383725E0,-4.160204036E-1,8.101902008E-3,1.269511692E0
5.257529292E0,-1.201092135E0,-3.501428215E-1,-2.587334454E-2,1.251355962E0
5.267591292E0,-1.358375439E0,-7.964613039E-2,-1.508523166E-2,1.360792013E0
5.277652292E0,-1.206204429E0,-1.225588278E-1,-6.844165921E-3,1.212434177E0
5.287714292E0,-1.122224233E0,-1.563467990E-1,5.437442780E-2,1.134366840E0
5.297775292E0,-8.136112605E-1,-3.727157783E-1,-3.230352759E-2,8.955020114E-1
5.307836292E0,-3.661442022E-1,-7.050909580E-1,1.723466814E-2,7.946772110E-1
5.317898292E0,-4.113847676E-1,-6.368344362E-1,7.336618423E-2,7.616942452E-1
5.327959292E0,-2.818392297E-1,-4.524856869E-1,-6.989293814E-2,5.376445583E-1
5.338021292E0,-6.239021493E-1,-4.625518879E-1,1.185990751E-2,7.767553015E-1
5.348082292E0,-5.460951876E-1,-4.358140326E-1,4.272209644E-2,6.999850015E-1
5.358143292E0,-4.036790510E-1,-5.916809579E-1,7.658039868E-2,7.203524759E-1
5.368205292E0,-5.023436522E-1,-6.820285892E-1,7.420233607E-2,8.503047267E-1
5.378266292E0,-4.403072889E-1,-9.787942256E-1,-6.083326221E-2,1.074992712E0
5.388327292E0,-3.482214995E-1,-9.398440949E-1,-1.042552704E-1,1.007687599E0
5.398389292E0,-8.466418163E-1,-6.323026979E-1,5.548949182E-2,1.058153179E0
5.408450292E0,-1.196682312E0,-6.092649606E-1,8.110731304E-2,1.345299499E0
5.418512292E0,-1.436365455E0,-6.669826801E-1,-8.983311296E-2,1.586216128E0
5.428573292E0,-1.457817428E0,-6.210522895E-1,-8.082781613E-2,1.586653943E0
5.438634292E0,-1.659031082E0,-7.137899338E-1,1.107895339E-1,1.809462495E0
5.448696292E0,-1.462560543E0,-6.257280886E-1,-9.622996688E-2,1.593699843E0
5.458757292E0,-1.206125857E0,-8.747038467E-1,1.715725100E-1,1.499761157E0
5.468819292E0,-3.875167622E-1,-1.108407408E0,8.421159983E-3,1.174226188E0
5.478880292E0,1.125294642E-1,-9.703306733E-1,1.190434635E-1,9.840608935E-1
5.488941292E0,-5.134403519E-1,-8.646683436E-1,-1.449992537E-1,1.016020237E0
5.499003292E0,-1.337596627E0,-1.014959474E0,1.856602067E-1,1.689312636E0
5.509064292E0,-1.249193451E0,-1.238874577E0,8.731237829E-2,1.761510133E0
5.519126292E0,-7.759467863E-1,-9.747207628E-1,1.245538795E-1,1.252073340E0
5.529187292E0,-1.030128540E0,-7.615043829E-1,-3.204274178E-2,1.281436878E0
5.539248292E0,-8.008869883E-1,-1.114045586E0,-3.413019776E-2,1.372473099E0
5.549310292E0,1.720839769E-1,-1.275511622E0,1.245304906E-1,1.293077970E0
5.559371292E0,-1.548039198E-1,-1.166141208E0,6.643547952E-2,1.178245833E0
5.569433292E0,1.203251000E-2,-1.141976785E0,-9.912784696E-3,1.142083194E0
5.579494292E0,-4.409295057E-1,-9.868949582E-1,-1.238346720E-1,1.087986909E0
5.589555292E0,-3.306099418E-1,-8.063051645E-1,2.253458440E-2,8.717446642E-1
5.599617292E0,-1.342012006E-1,-9.094123341E-1,3.719998598E-2,9.200133666E-1
5.609678292E0,-1.100925640E-2,-1.242740464E0,9.640304446E-3,1.242826617E0
5.619740292E0,4.095858351E-1,-1.235047867E0,1.762444353E-1,1.313074975E0
5.629801292E0,7.278757301E-1,-1.306440908E0,-9.902610540E-2,1.498798550E0
5.639862292E0,8.193258905E-1,-1.162142297E0,2.468852323E-1,1.443198514E0
5.649924292E0,3.042458514E-1,-1.115362233E0,-2.991786361E-1,1.194196929E0
5.659985292E0,3.828823687E-1,-9.053309776E-1,3.905799723E-1,1.057721987E0
5.670047292E0,7.890231340E-1,-6.064773005E-1,-3.147597116E-1,1.043765250E0
5.680108292E0,-8.855681196E-2,-7.500320727E-1,4.060166216E-1,8.574613205E-1
5.690169292E0,-4.057010912E-1,-4.673953559E-1,-1.926072836E-1,6.481892932E-1
5.700231292E0,6.199567954E-2,-1.051523210E0,5.152741849E-2,1.054608742E0
5.710292292E0,-4.572358553E-1,-1.053331315E0,1.046593130E-1,1.153050328E0
5.720353292E0,1.434161384E-1,-6.827602221E-1,-9.759938478E-2,7.044539371E-1
5.730415292E0,9.672099412E-1,-8.205193073E-1,-1.109257740E-1,1.273205220E0
5.740476292E0,-3.012359972E-1,-5.347003164E-1,2.341055578E-1,6.568507947E-1
5.750538292E0,-1.534263889E-1,-3.186953994E-1,-1.363395274E-2,3.539665225E-1
5.760599292E0,4.655785895E-1,-5.122181011E-1,-1.797375619E-2,6.924260697E-1
5.770660292E0,3.376689564E-1,-7.364375887E-1,-1.319891989E-2,8.102683862E-1
5.780722292E0,4.390343135E-1,-7.660968592E-1,1.077378720E-1,8.895296370E-1
5.790783292E0,1.111009200E0,-5.307300204E-1,-1.725630283E-2,1.231386851E0
5.800845292E0,1.677649347E0,-6.973150017E-2,3.078792930E-2,1.679380157E0
5.810906292E0,1.460200460E0,1.301535204E-1,-3.926990032E-2,1.466515410E0
5.820967292E0,1.100898487E0,1.218606337E-1,4.891488254E-2,1.108702015E0
5.831029292E0,1.488091387E0,1.735855967E-1,4.516915619E-2,1.498862298E0
5.841090292E0,1.921961805E0,-2.440600405E-2,-4.107318163E-2,1.922555549E0
5.851152292E0,1.263912208E0,-2.495987789E-1,7.126001716E-3,1.288341725E0
5.861213292E0,1.563716789E0,-1.133059927E-1,5.697351515E-2,1.568851308E0
5.871274292E0,1.504534488E0,2.858352351E-1,2.703810990E-2,1.531684323E0
5.881336292E0,1.171777047E0,1.407630191E-1,-2.430862963E-2,1.180451856E0
5.891397292E0,1.423217260E0,4.315237112E-1,-1.157649297E-1,1.491697557E0
5.901458708E0,1.504010431E0,5.454800970E-1,6.311250687E-2,1.601118079E0
5.911519708E0,1.638018528E0,2.733345824E-1,-9.793501496E-3,1.660696361E0
5.921580708E0,1.622701454E0,1.298828126E-1,-1.391157854E-1,1.633824579E0
5.931642708E0,1.283915825E0,5.036101226E-1,1.520357931E-1,1.387507796E0
5.941703708E0,1.569451153E0,1.301118955E-1,-3.072360992E-2,1.575134905E0
5.951764708E0,1.209564312E0,-4.298540387E-2,-6.022632122E-3,1.210342862E0
5.961826708E0,9.239319208E-1,-5.241361884E-2,7.449352741E-3,9.254473915E-1
5.971887708E0,1.180690615E0,8.969329141E-2,1.043377161E-2,1.184138539E0
5.981949708E0,1.740547700E0,2.058415609E-1,2.450275719E-2,1.752848376E0
5.992010708E0,1.837310494E0,6.525580376E-2,-1.681776166E-2,1.838545895E0
6.002071708E0,1.498132956E0,-6.000447420E-2,-3.837586105E-2,1.499825189E0
6.012133708E0,8.497865950E-1,-2.161759664E-1,4.215433180E-2,8.778646212E-1
6.022194708E0,-1.574575690E-2,-1.377724241E-1,3.841211379E-2,1.438911401E-1
6.032256708E0,-3.731208807E-4,-1.036305685E-2,2.179491162E-2,2.413607961E-2
6.042317708E0,-9.534282549E-3,-2.147722509E-2,2.658436596E-2,3.548101260E-2
6.052378708E0,1.606459917E-2,-8.161141612E-3,1.311588943E-2,2.228681526E-2
6.062440708E0,8.361783335E-3,-1.389422692E-2,1.596289873E-2,2.275484780E-2
6.072501708E0,-1.710842766E-2,2.930094581E-3,5.040299892E-3,1.807452280E-2
6.082563708E0,8.435832839E-3,9.729163852E-3,-1.543664932E-3,1.296930246E-2
6.092624708E0,2.504859020E-2,2.584889587E-3,-1.947122812E-4,2.518236364E-2
6.102685708E0,2.483415728E-2,1.427414976E-3,2.165984094E-2,3.298365642E-2
6.112747708E0,2.907256636E-2,-6.871812288E-3,5.010303676E-2,5.833309705E-2
6.122808708E0,-8.222372923E-2,-2.425582197E-1,-7.774048626E-2,2.676542822E-1
6.132870708E0,-4.017686742E-2,-1.360473128E-1,-1.123127335E-1,1.809342480E-1
6.142931708E0,5.518619309E-1,3.883605885E-1,1.136815667E-2,6.749109367E-1
6.152992708E0,1.448906856E0,6.942671040E-1,-5.036966980E-2,1.607443620E0
6.163054708E0,2.731853359E0,5.730173399E-1,2.819235027E-2,2.791445227E0
6.173115708E0,2.692436986E0,2.566451672E-1,2.053249776E-2,2.704719070E0
6.183177708E0,2.348746128E0,6.679287231E-2,-4.573809028E-2,2.350140769E0
6.193238708E0,2.466965427E0,2.067448460E-1,1.726238394E-1,2.481624637E0
6.203299708E0,1.991610183E0,4.094409338E-1,3.437168777E-2,2.033552166E0
6.213361708E0,1.596335481E0,5.298397453E-1,5.731850088E-2,1.682944603E0
6.223422708E0,1.136660277E0,1.933467006E-1,2.310819626E-3,1.152989537E0
6.233483708E0,1.109960228E-1,1.760042244E-1,-3.454418063E-2,2.109286716E-1
6.243545708E0,4.522928019E-1,4.624176212E-1,-3.245906353E-2,6.476514694E-1
6.253606708E0,3.470127704E-1,4.893010357E-1,-1.532473361E-1,6.191268953E-1
6.263668708E0,9.705780471E-2,5.828762936E-1,3.551423371E-2,5.919681173E-1
6.273729708E0,-4.028792980E-1,6.912844393E-1,-9.380044878E-2,8.055956982E-1
6.283790708E0,-1.215393475E-1,7.105616860E-1,6.876442552E-2,7.241534843E-1
6.293852708E0,-1.327139978E-1,6.608351368E-1,-1.686687827E-2,6.742407396E-1
6.303913708E0,1.080940040E-2,5.337361471E-1,-2.056296176E-1,5.720792406E-1
6.313975708E0,1.344564772E-1,4.874573356E-1,1.553605199E-3,5.056635363E-1
6.324036708E0,1.063824728E0,5.000294705E-1,3.613988578E-2,1.176035125E0
6.334097708E0,7.480880197E-1,4.917008792E-1,8.897415698E-2,8.996231658E-1
6.344159708E0,1.262025202E-1,6.877402957E-1,5.993629932E-2,7.017878243E-1
6.354220708E0,1.463355709E-1,6.797519758E-1,-1.908414245E-2,6.955868403E-1
6.364282708E0,2.053708417E-1,6.546715137E-1,-1.876605392E-2,6.863848325E-1
6.374343708E0,2.849708705E-1,5.128959762E-1,-2.428757966E-2,5.872483000E-1
6.384404708E0,7.092905744E-1,4.426926970E-1,-1.580823988E-1,8.509171451E-1
6.394466708E0,1.306432722E0,4.935149413E-1,2.727667630E-2,1.396806168E0
6.404527708E0,1.891009276E0,3.516376622E-1,7.715517998E-2,1.924972221E0
6.414589708E0,1.978221960E0,2.018187130E-1,1.285159528E-1,1.992638769E0
6.424650708E0,1.665855221E0,4.362503079E-1,8.585466743E-3,1.722051584E0
6.434711708E0,8.325560930E-1,3.640125632E-1,1.175272804E-1,9.162245663E-1
6.444773708E0,5.864481749E-1,2.514403595E-1,-1.343894809E-1,6.520768734E-1
6.454834708E0,8.266939670E-1,1.450411710E-1,-3.063531697E-2,8.398799789E-1
6.464896708E0,1.052010283E0,2.177113721E-1,-1.340351397E-1,1.082630729E0
6.474957708E0,7.618419135E-1,2.807826926E-1,-3.180885315E-3,8.119434338E-1
6.485018708E0,3.670131716E-1,4.222968780E-1,9.622353494E-2,5.677079266E-1
6.495080708E0,-2.557674087E-1,2.564870731E-1,8.067754269E-2,3.710949365E-1
6.505141708E0,-5.463036042E-1,1.546683923E-1,-1.017883301E-2,5.678675446E-1
6.515202708E0,-3.567511985E-1,2.941116948E-1,-1.150732040E-1,4.764608577E-1
6.525264708E0,-2.517491290E-1,2.600907486E-1,-7.015957117E-2,3.687101665E-1
6.535325708E0,1.042954334E-1,4.243359848E-1,-3.033243120E-2,4.380166912E-1
6.545387708E0,2.471748248E-2,4.978186017E-1,-3.793848932E-2,4.998736271E-1
6.555448708E0,-5.576257872E-1,4.590123490E-1,1.352390814E-1,7.347982473E-1
6.565509708E0,-4.303991454E-1,8.240793845E-1,6.804989576E-3,9.297292962E-1
6.575571708E0,-6.964001682E-1,4.076844668E-1,-8.238259077E-2,8.111514717E-1
6.585632708E0,-1.338014265E0,4.791763991E-1,-2.278133690E-2,1.421411687E0
6.595694708E0,-1.277616035E0,5.855334877E-1,-3.593406379E-2,1.405860397E0
6.605755708E0,-8.877067387E-1,6.693353073E-1,1.170665199E-1,1.117916624E0
6.615816708E0,-6.554582566E-1,6.830222505E-1,5.016443253E-2,9.479775267E-1
6.625878708E0,-5.048417655E-1,5.435195256E-1,-2.319941282E-2,7.421703953E-1
6.635939708E0,-5.783625720E-1,4.412406141E-1,-4.294370592E-2,7.287253983E-1
6.646001708E0,-3.053565118E-1,7.364068177E-1,-6.552039027E-2,7.998940693E-1
6.656062708E0,-6.332156675E-1,5.314244138E-1,-6.131975055E-2,8.289355229E-1
6.666123708E0,-9.392667554E-1,7.890255459E-1,-3.917400599E-2,1.227321455E0
6.676185708E0,-8.572482269E-1,5.213973892E-1,9.050320387E-3,1.003400054E0
6.686246708E0,-9.388392509E-1,5.147713609E-1,3.270815492E-2,1.071204237E0
6.696308708E0,-7.784651090E-1,7.329386149E-1,4.350971639E-2,1.070093470E0
6.706369708E0,-1.060962077E0,6.651586412E-1,-9.501725435E-4,1.252228993E0
6.716430708E0,-1.033108719E0,3.785043756E-1,-5.572981238E-3,1.100277350E0
6.726492708E0,-9.990765356E-1,5.107163534E-1,-3.620245099E-2,1.122628939E0
6.736553708E0,-1.131863879E0,3.491851207E-1,-1.790826738E-2,1.184637833E0
6.746614708E0,-7.534589066E-1,6.510980610E-1,6.373114228E-2,9.978430074E-1
6.756676708E0,-6.659458226E-1,3.081324409E-1,-1.487192523E-1,7.486967716E-1
6.766737708E0,-5.057319675E-1,4.262099078E-1,-5.750736594E-3,6.614021314E-1
6.776799708E0,-6.813748705E-1,9.746095195E-2,-8.239370048E-2,6.932236820E-1
6.786860708E0,-9.485009708E-1,7.245306842E-2,1.570006639E-1,9.641331584E-1
6.796921708E0,-8.303082772E-1,2.126812500E-1,7.767909050E-2,8.606272075E-1
6.806983708E0,-1.017783679E0,-1.854780111E-1,7.970339656E-2,1.037611845E0
6.817044708E0,-1.259951012E0,-5.848167652E-2,2.699016273E-2,1.261596262E0
6.827106708E0,-1.412449612E0,-7.310307780E-2,-6.062977910E-3,1.414353113E0
6.837167708E0,-1.421029232E0,-1.018835483E-1,-8.180956364E-2,1.427023875E0
6.847228708E0,-1.458720092E0,-9.052487511E-2,2.401919246E-2,1.461723633E0
6.857290708E0,-1.266687297E0,5.024358921E-2,3.815366685E-2,1.268257398E0
6.867351708E0,-1.455447551E0,2.060889529E-2,2.009395659E-2,1.455732142E0
6.877413708E0,-1.443617757E0,-2.981882822E-1,-4.526972830E-2,1.474787384E0
6.887474708E0,-1.357846705E0,-2.834455695E-1,1.298257291E-1,1.393177585E0
6.897535708E0,-1.402975076E0,2.893492838E-2,5.140228808E-2,1.404214546E0
6.907598167E0,-1.832591207E0,-3.584821205E-1,6.692839980E-2,1.868523313E0
6.917659167E0,-1.570308063E0,-4.143022358E-1,1.061105919E-1,1.627505211E0
6.927721167E0,-1.327260066E0,-1.698200629E-1,-5.677061677E-2,1.339283778E0
6.937782167E0,-1.101072734E0,-5.393888332E-2,-1.697388232E-2,1.102523778E0
6.947843167E0,-1.482208649E0,-5.014319982E-2,-9.153816104E-3,1.483084830E0
6.957905167E0,-1.304660577E0,-8.820696574E-2,1.257239074E-1,1.313668981E0
6.967966167E0,-9.453755609E-1,-1.157008661E-1,5.233258009E-3,9.524437141E-1
6.978027167E0,-7.462756021E-1,-2.858838218E-1,1.128764051E-1,8.070922604E-1
6.988089167E0,-3.587816441E-1,-1.643807454E-1,-4.667598367E-2,3.973964583E-1
6.998150167E0,-4.765838168E-1,-2.901989574E-2,1.777401531E-1,5.094760552E-1
7.008212167E0,-5.825578031E-1,-5.306069366E-1,7.046771944E-2,7.911276854E-1
7.018273167E0,-6.353691971E-1,1.053266264E-3,-7.792701244E-2,6.401310375E-1
7.028334167E0,-6.077979307E-1,5.503145384E-2,2.714394450E-2,6.108875340E-1
7.038396167E0,-7.690801817E-1,-5.593699385E-1,6.260379910E-2,9.530468455E-1
7.048457167E0,-6.928633337E-1,-4.218490543E-1,-3.425415874E-2,8.119049028E-1
7.058519167E0,-8.332068150E-1,-3.710621126E-2,-3.293151855E-2,8.346825459E-1
7.068580167E0,-7.052209123E-1,-3.003430908E-1,1.040126109E-1,7.735380602E-1
7.078641167E0,-3.781338083E-1,-4.698851734E-1,7.314866781E-3,6.031838530E-1
7.088703167E0,-5.551978405E-1,-6.556512147E-1,-2.156628549E-2,8.594115790E-1
7.098764167E0,-2.756961084E-1,-6.736349112E-1,-9.322683692E-2,7.338144049E-1
7.108826167E0,-4.825122356E-2,-3.532319786E-1,-3.481607616E-2,3.582082781E-1
7.118887167E0,-1.159803995E0,-2.698951954E-1,3.451085150E-2,1.191293299E0
7.128948167E0,-1.685918480E0,-3.075663207E-1,8.227792561E-2,1.715717873E0
7.139010167E0,-7.283628032E-1,-4.704622571E-1,-4.316063762E-2,8.681647015E-1
7.149071167E0,-1.983719256E-1,-4.352778429E-1,3.870798290E-2,4.799130435E-1
7.159133167E0,-4.656558093E-1,-5.134209465E-1,3.527742147E-2,6.940323461E-1
7.169194167E0,-6.376166475E-1,-4.500964415E-1,6.668924868E-2,7.833193804E-1
7.179255167E0,-9.214408607E-1,-4.540881164E-1,-3.419861019E-2,1.027822369E0
7.189317167E0,-1.232325549E0,-2.000480848E-1,5.172330022E-2,1.249528229E0
7.199378167E0,-1.751211559E0,-5.317047878E-1,-1.022794962E-2,1.830179368E0
7.209439167E0,-1.330669285E0,-9.941916255E-1,-9.342330337E-2,1.663678348E0
7.219501167E0,-3.621591786E-1,-1.086005410E0,2.544532835E-2,1.145082742E0
7.229562167E0,-3.884476024E-1,-7.234685375E-1,2.264544761E-1,8.518097759E-1
7.239624167E0,-1.282643179E0,-5.106639843E-1,-1.079436940E-1,1.384775459E0
7.249685167E0,-1.127910138E0,-6.298833393E-1,3.966634154E-2,1.292481226E0
7.259746167E0,-7.340593799E-1,-6.808142687E-1,4.938909173E-2,1.002392400E0
7.269808167E0,-5.222883587E-1,-8.416147457E-1,-7.354043126E-2,9.932314457E-1
7.279869167E0,-2.615710626E-1,-8.330376112E-1,5.050240159E-3,8.731532440E-1
7.289931167E0,-9.604413506E-2,-7.093301162E-1,1.535291719E-1,7.320825748E-1
7.299992167E0,1.010628733E-1,-9.444286774E-1,-1.142078161E-2,9.498892911E-1
7.310053167E0,-4.371877262E-2,-1.107045080E0,-4.586439013E-2,1.108856926E0
7.320115167E0,-2.761519354E-2,-1.303624304E0,-4.836816788E-3,1.303925734E0
7.330176167E0,5.688573017E-1,-1.402436256E0,8.338714242E-3,1.513438342E0
7.340238167E0,2.616467658E-1,-1.390138392E0,1.270395309E-1,1.420240409E0
7.350299167E0,7.479714409E-2,-1.217063001E0,1.161110848E-1,1.224874992E0
7.360360167E0,2.653897695E-1,-1.425785942E0,-2.579148352E-2,1.450504217E0
7.370422167E0,7.593553850E-1,-1.638346556E0,8.093014240E-2,1.807581181E0
7.380483167E0,6.370342648E-1,-1.841656876E0,-1.048206961E-1,1.951537876E0
7.390545167E0,8.170015492E-1,-1.905268589E0,1.098411155E-1,2.075958814E0
7.400606167E0,4.390509780E-1,-1.864535569E0,1.035407406E-1,1.918327223E0
7.410667167E0,-4.177110163E-2,-1.718252120E0,2.822585481E-1,1.741782151E0
7.420729167E0,-2.838918582E-1,-1.857574166E0,-6.893808782E-2,1.880406560E0
7.430790167E0,1.984251901E-1,-1.967713782E0,4.302381277E-2,1.978161048E0
7.440851167E0,3.765290400E-1,-2.063366337E0,1.100720805E-1,2.100326313E0
7.450913167E0,4.907127729E-1,-1.664229110E0,2.609144568E-2,1.735263185E0
7.460974167E0,1.815089394E-1,-1.556818244E0,1.365371633E-1,1.573299379E0
7.471036167E0,5.674558703E-1,-1.692877251E0,-2.964479864E-2,1.785698285E0
7.481097167E0,9.481687027E-1,-1.323848069E0,1.638793284E-1,1.636598312E0
7.491158167E0,6.955589732E-1,-1.265535688E0,1.764104962E-3,1.444086554E0
7.501220167E0,8.714675590E-1,-1.582538245E0,1.337638289E-1,1.811567213E0
7.511281167E0,1.079261231E0,-1.684312834E0,1.160830182E-1,2.003793851E0
7.521343167E0,1.181195084E0,-2.145829473E0,1.244538921E-1,2.452609778E0
7.531404167E0,1.204877111E0,-2.619876548E0,1.123121488E-1,2.885844070E0
7.541465167E0,1.088549972E0,-2.644247451E0,1.775717533E-1,2.865051020E0
7.551527167E0,5.907761012E-1,-2.701246693E0,2.067984760E-2,2.765172283E0
7.561588167E0,2.138293874E-1,-2.742121362E0,2.981670678E-2,2.750607498E0
7.571650167E0,-7.371240792E-2,-2.935747231E0,1.094359034E-1,2.938710863E0
7.581711167E0,1.841251664E-1,-3.120082751E0,-1.574830592E-1,3.129475892E0
7.591772167E0,8.175767691E-1,-2.632389297E0,-1.381714600E-1,2.759890675E0
7.601834167E0,1.633895510E0,-1.635778167E0,9.353381574E-2,2.313900024E0
7.611895167E0,1.710511284E0,-1.000332883E0,1.475463009E-1,1.987029099E0
7.621957167E0,1.160665875E0,-1.300028413E0,1.085892266E-1,1.746141680E0
7.632018167E0,8.207133617E-1,-1.338160445E0,9.061897874E-2,1.572404400E0
7.642079167E0,6.987585696E-1,-1.424364191E0,-1.189557552E-1,1.590983142E0
7.652141167E0,8.289611518E-1,-1.616928936E0,7.056302905E-2,1.818409997E0
7.662202167E0,8.002647715E-1,-1.307898619E0,1.545419097E-3,1.533305218E0
7.672263167E0,6.428479321E-1,-8.649112223E-1,-1.108819199E-1,1.083337291E0
7.682325167E0,8.139660403E-2,-3.189096998E-1,-4.681865573E-2,3.324466729E-1
7.692386167E0,-8.465401478E-1,5.677288257E-2,-3.755842030E-2,8.492726400E-1
7.702448167E0,-8.424894892E-1,4.811478244E-1,-6.591566205E-3,9.702243127E-1
7.712509167E0,2.056762491E-1,3.746367348E-1,1.034179491E-1,4.397165845E-1
7.722570167E0,1.544536606E0,1.112592845E-1,2.273338974E-2,1.548705512E0
7.732632167E0,2.276387419E0,3.871357795E-1,6.699973583E-2,2.310043887E0
7.742693167E0,2.254260678E0,7.987224953E-1,8.587045491E-2,2.393119839E0
7.752755167E0,1.708295920E0,5.777271259E-1,-2.346095878E-1,1.818539315E0
7.762816167E0,1.230471105E0,1.245086513E0,-5.783305585E-2,1.751469162E0
7.772877167E0,5.288069808E-1,1.039638378E0,1.759368718E-2,1.166530890E0
7.782939167E0,3.342667174E-1,1.090921383E0,9.789993167E-3,1.141025655E0
7.793000167E0,2.969090759E-1,1.245530170E0,3.374077320E-2,1.280874250E0
7.803062167E0,1.006168331E0,8.554191448E-1,-4.532410741E-2,1.321427599E0
7.813123167E0,1.579064268E0,1.624550051E0,-2.859288454E-4,2.265525748E0
7.823184167E0,8.286892562E-1,1.624850013E0,-1.299508595E-1,1.828592539E0
7.833246167E0,7.795609503E-1,1.691003657E0,7.444674969E-3,1.862059093E0
7.843307167E0,2.248100015E-1,1.938593479E0,3.302682817E-2,1.951864489E0
7.853369167E0,-4.445753634E-2,1.761674421E0,-4.229700387E-2,1.762742827E0
7.863430167E0,-6.822506373E-1,1.855201220E0,-3.604340672E-2,1.977001929E0
7.873491167E0,-6.873951638E-1,1.398428720E0,-5.386338115E-2,1.559171658E0
7.883553167E0,-3.366307832E-1,1.142940626E0,-9.501550019E-2,1.195266290E0
7.893614167E0,-2.758648371E-1,1.572465393E0,-5.656596422E-3,1.596490156E0
7.903675083E0,-4.023743910E-1,1.191637407E0,-1.092236495E-1,1.262471649E0
7.913737083E0,-5.873693033E-2,1.727212248E0,-7.973204792E-2,1.730048951E0
7.923798083E0,-1.674993213E-1,1.463200521E0,-1.077419651E-1,1.476692289E0
7.933860083E0,6.233450742E-2,1.947013616E0,-7.062267065E-2,1.949290941E0
7.943921083E0,-1.045214374E-1,1.938048226E0,-4.263438821E-2,1.941332879E0
7.953982083E0,9.050147711E-2,1.862847624E0,1.573953509E-2,1.865111128E0
7.964044083E0,2.413329539E-2,1.649359933E0,-1.502640867E-1,1.656366476E0
7.974105083E0,1.426262070E-1,1.647217367E0,-9.786484838E-2,1.656274379E0
7.984167083E0,1.248067168E-2,1.713104378E0,4.237769544E-2,1.713673903E0
7.994228083E0,1.624162819E-2,1.613912212E0,-2.514425522E-1,1.633462511E0
8.004289083E0,-1.362138853E-1,1.817565032E0,1.332510281E-1,1.827526389E0
8.014351083E0,-8.669158671E-2,1.451777839E0,-1.863355601E-1,1.466252115E0
8.024412083E0,-4.350669777E-1,1.458805753E0,6.454507470E-2,1.523667801E0
8.034474083E0,-3.366788035E-1,1.368115585E0,-1.016076511E-1,1.412592292E0
8.044535083E0,-2.258895072E-1,1.442486759E0,1.769075096E-2,1.460173648E0
8.054596083E0,-7.562843086E-2,3.053150148E-1,-5.880603254E-2,3.199922925E-1
8.064658083E0,1.112906951E-2,-1.494235860E-2,-2.902207017E-2,3.448783591E-2
8.074719083E0,-1.358076135E-2,5.677935105E-1,3.819225848E-2,5.692385758E-1
8.084781083E0,-2.020567130E-1,2.966845939E0,-3.184802949E-2,2.973889043E0
8.094842083E0,-8.239016291E-1,1.901953218E0,-1.297555625E-2,2.072777919E0
8.104903083E0,-6.059872308E-1,-6.511806529E-2,-4.098371923E-2,6.108523156E-1
8.114965083E0,3.626012646E-1,7.036748354E-1,-1.197059530E-1,8.006044381E-1
8.125026083E0,2.427524203E-1,8.141004532E-1,1.341661173E-1,8.600516452E-1
8.135087083E0,-1.262970807E-1,8.057629084E-1,-9.829812706E-2,8.215030973E-1
8.145149083E0,-8.536370231E-2,5.061217576E-1,-1.065152192E-1,5.242057679E-1
8.155210083E0,-1.247225260E-1,8.200241212E-1,4.363309264E-2,8.306016582E-1
8.165272083E0,-9.628207105E-2,9.596271989E-1,-8.013082802E-2,9.677683337E-1
8.175333083E0,9.787141736E-2,9.190002329E-1,9.440914392E-2,9.290066355E-1
8.185394083E0,1.298794870E-1,9.032269301E-1,5.059595704E-3,9.125311874E-1
8.195456083E0,1.993747048E-1,1.088896273E0,-1.471574610E-1,1.116736623E0
8.205517083E0,9.774553777E-2,7.612618697E-1,1.135470808E-2,7.675954363E-1
8.215579083E0,-1.634618737E-1,1.111538666E0,9.712809920E-2,1.127684289E0
8.225640083E0,-2.935982727E-1,1.366809609E0,-1.190037024E-1,1.403043240E0
8.235701083E0,-3.554757015E-1,1.315905650E0,7.783871949E-2,1.365294664E0
8.245763083E0,-1.625828179E-1,1.311699894E0,1.302818120E-2,1.321801618E0
8.255824083E0,2.267250195E-1,1.091538703E0,-8.741470456E-2,1.118258604E0
8.265886083E0,4.602822546E-1,1.121165887E0,6.749733388E-2,1.213848668E0
8.275947083E0,4.095436255E-1,1.150599893E0,-1.598681384E-1,1.231732080E0
8.286008083E0,9.928070596E-2,8.455016092E-1,7.455433846E-2,8.545688850E-1
8.296070083E0,-2.767146933E-1,1.149346981E0,-6.098061204E-3,1.182204166E0
8.306131083E0,-4.157327206E-1,1.322431727E0,-1.235165834E-2,1.386294316E0
8.316193083E0,-2.804405757E-1,1.205632864E0,3.031956732E-2,1.238190936E0
8.326254083E0,-1.494383411E-1,1.019939036E0,4.719697058E-2,1.031908430E0
8.336315083E0,1.737149298E-1,1.280493012E0,1.287480873E-1,1.298620537E0
8.346377083E0,2.855584426E-1,1.010683917E0,-4.215900958E-2,1.051096088E0
8.356438083E0,1.920860591E-1,9.119254674E-1,-1.811023021E-1,9.493698731E-1
8.366499083E0,-5.683953717E-1,1.056480040E0,3.895298123E-2,1.200308589E0
8.376561083E0,-1.210785138E0,9.345087299E-1,-7.150150716E-2,1.531149791E0
8.386622083E0,-1.300570742E0,6.640206268E-1,1.867015958E-3,1.460277759E0
8.396684083E0,-8.550419994E-1,7.644170272E-1,-1.495963347E-1,1.156637054E0
8.406745083E0,-4.349815352E-1,5.160453596E-1,3.619251072E-2,6.758858239E-1
8.416806083E0,-4.141508295E-1,5.677103338E-1,1.412751621E-1,7.167807225E-1
8.426868083E0,-6.080764775E-1,3.499536641E-1,6.584841907E-2,7.046705498E-1
8.436929083E0,-9.579887360E-1,2.009275426E-1,5.492640495E-2,9.803729931E-1
8.446991083E0,-1.199400755E0,2.594436080E-1,-2.197909892E-2,1.227337052E0
8.457052083E0,-1.567697281E0,-2.667684151E-1,-3.558206141E-2,1.590630766E0
8.467113083E0,-1.321680799E0,-2.643949023E-1,-1.652879226E-1,1.357963510E0
8.477175083E0,-1.033275804E0,-2.363059564E-1,9.055348992E-2,1.063813577E0
8.487236083E0,-1.224319761E0,-1.799634472E-1,1.073139489E-2,1.237522073E0
8.497298083E0,-1.274759378E0,-2.969079978E-1,6.729735911E-2,1.310608548E0
8.507359083E0,-8.228723730E-1,-9.310338758E-3,7.118049502E-2,8.259977528E-1
8.517420083E0,-8.965785728E-1,-1.669762879E-1,3.046106994E-2,9.125032026E-1
8.527482083E0,-1.055845325E0,-6.934786800E-1,-1.451115203E-1,1.271526399E0
8.537543083E0,-1.122593923E0,-6.311855873E-1,-3.331918895E-2,1.288302189E0
8.547604083E0,-1.236974378E0,-6.586123178E-1,-2.763978839E-2,1.401656076E0
8.557666083E0,-1.291585326E0,-4.542471606E-1,7.624009073E-2,1.371256974E0
8.567727083E0,-1.093826134E0,-4.601699881E-1,3.044469774E-2,1.187071568E0
8.577789083E0,-9.927189311E-1,-8.965371307E-1,6.035963774E-2,1.338997009E0
8.587850083E0,-1.191248567E0,-9.977208587E-1,-1.134359837E-4,1.553872605E0
8.597911083E0,-1.074455697E0,-1.048508093E0,-4.276828945E-2,1.501883282E0
8.607973083E0,-1.014394121E0,-1.179661432E0,-8.993602395E-2,1.558423888E0
8.618034083E0,-9.169588237E-1,-1.077734815E0,1.711146730E-1,1.425344186E0
8.628096083E0,-6.845779022E-1,-9.156667352E-1,-1.179091036E-2,1.143342250E0
8.638157083E0,-3.267225301E-1,-9.103323935E-1,9.030089021E-2,9.713943222E-1
8.648218083E0,-3.453513207E-1,-1.129780078E0,-5.949951231E-2,1.182882391E0
8.658280083E0,-6.412730576E-1,-1.225598328E0,1.404705852E-1,1.390343260E0
8.668341083E0,-1.064205893E0,-1.647045313E0,4.750102580E-2,1.961516962E0
8.678403083E0,-1.110265946E0,-1.580325659E0,-2.703109324E-2,1.931540923E0
8.688464083E0,-9.957953706E-1,-1.707075168E0,-8.526000559E-2,1.978126214E0
8.698525083E0,-6.976655788E-1,-1.592078124E0,-4.273788393E-2,1.738757182E0
8.708587083E0,-9.955116344E-1,-1.681584377E0,2.963058990E-1,1.976503635E0
8.718648083E0,-1.171178072E0,-1.978086158E0,3.255788147E-2,2.299030870E0
8.728710083E0,-1.262895962E0,-2.157290454E0,-1.536005080E-2,2.499808842E0
8.738771083E0,-2.931673147E-1,-1.547104118E0,1.276564121E-2,1.574687648E0
8.748832083E0,-3.323876050E-1,-1.669256108E0,3.343145549E-2,1.702355761E0
8.758894083E0,-7.184170548E-1,-1.804649994E0,8.564943016E-2,1.944278913E0
8.768955083E0,-6.512288193E-1,-1.800189884E0,-9.250236690E-2,1.916595754E0
8.779016083E0,-6.066801258E-1,-1.750494837E0,2.649472815E-1,1.871494059E0
8.789078083E0,-4.948693758E-1,-1.924876788E0,-4.374126613E-2,1.987953633E0
8.799139083E0,-8.591425055E-1,-2.305465915E0,3.496459544E-2,2.460593720E0
8.809201083E0,-1.176278672E0,-2.032416586E0,4.199879587E-2,2.348640583E0
8.819262083E0,-5.288624198E-1,-1.848581149E0,9.239185452E-2,1.924963370E0
8.829323083E0,-4.034287536E-1,-1.728294567E0,-1.362237525E-1,1.779975781E0
8.839385083E0,-4.217047012E-1,-1.829162984E0,1.794568956E-1,1.885703279E0
8.849446083E0,-1.236732340E-1,-1.847312011E0,-6.338264823E-2,1.852531806E0
8.859508083E0,-1.249052606E-1,-1.867076477E0,9.378232241E-2,1.873598414E0
8.869569083E0,3.519518130E-2,-1.591452179E0,2.444136143E-2,1.592028932E0
8.879630083E0,2.579097920E-1,-1.857119253E0,-5.177592516E-2,1.875657252E0
8.889692083E0,2.373300597E-1,-1.998656224E0,3.439683080E-1,2.041878169E0
8.899753083E0,-2.730768481E-2,-1.744378065E0,-1.486695510E-1,1.750914954E0
8.909814917E0,2.453092798E-1,-1.494014616E0,2.353977925E-1,1.532210311E0
8.919875917E0,-3.634007526E-2,-1.439922317E0,2.926999211E-2,1.440678177E0
8.929936917E0,-7.450805409E-2,-1.721446747E0,9.692169249E-2,1.725782190E0
8.939998917E0,8.883334871E-2,-1.744901683E0,-9.112183928E-2,1.749536063E0
8.950059917E0,3.089380410E-1,-1.585962082E0,1.667532349E-1,1.624353743E0
8.960120917E0,3.454262381E-1,-1.522266608E0,2.644578695E-2,1.561190024E0
8.970182917E0,5.479551869E-1,-1.568950778E0,-4.348164976E-2,1.662453634E0
8.980243917E0,8.912709821E-1,-1.321117858E0,7.990220189E-3,1.593668787E0
8.990305917E0,9.542462256E-1,-1.293595014E0,1.364137870E-1,1.613252194E0
9.000366917E0,6.557238664E-1,-1.322993645E0,-1.444846988E-3,1.476579852E0
9.010427917E0,9.453572883E-1,-1.090572670E0,9.539030671E-2,1.446426100E0
9.020489917E0,1.376390272E0,-1.203828998E0,4.671632946E-2,1.829162883E0
9.030550917E0,1.729597181E0,-1.545294405E0,-1.314506704E-1,2.323084261E0
9.040612917E0,2.310144419E0,-1.662054969E0,2.074358225E-2,2.845983881E0
9.050673917E0,2.270718398E0,-1.054438412E0,-3.554990172E-2,2.503850275E0
9.060734917E0,1.524084507E0,-7.179647727E-1,1.516393518E-1,1.691538203E0
9.070796917E0,9.998402551E-1,-1.916238002E-1,-3.145568132E-2,1.018523282E0
9.080857917E0,8.197765647E-1,-2.012188070E-1,-5.879375339E-3,8.441310274E-1
9.090919917E0,1.295735826E0,-2.873668036E-1,1.380972004E-1,1.334384445E0
9.100980917E0,2.192637896E0,-2.619655852E-1,9.450971603E-2,2.210253152E0
9.111041917E0,2.470685425E0,-5.328987162E-1,-8.829295635E-2,2.529043922E0
9.121103917E0,2.675878548E0,-4.259344308E-1,2.124001086E-2,2.709648922E0
9.131164917E0,2.256284838E0,1.674392229E-1,5.816810131E-3,2.262496630E0
9.141226917E0,1.965090283E0,6.693955337E-1,6.803410828E-2,2.077089030E0
9.151287917E0,1.990716582E0,3.751143427E-1,7.578459263E-2,2.027167133E0
9.161348917E0,2.140154019E0,1.293120878E-2,-2.121428311E-2,2.140298224E0
9.171410917E0,2.468676907E0,3.046183739E-2,-7.062559426E-2,2.469874808E0
9.181471917E0,2.632674641E0,1.406976034E-1,6.243890762E-2,2.637170870E0
9.191533917E0,2.503266696E0,1.031548975E-1,-1.766619265E-2,2.505453487E0
9.201594917E0,2.228666100E0,-7.161594814E-2,-4.898855746E-2,2.230354525E0
9.211655917E0,2.551462955E0,3.115017527E-1,6.762889624E-2,2.571297381E0
9.221717917E0,2.862518748E0,-1.111482605E-1,4.295364618E-3,2.864679034E0
9.231778917E0,2.955376918E0,7.903372591E-2,1.204456258E-1,2.958885974E0
9.241839917E0,2.738437032E0,4.027326060E-1,7.103372991E-2,2.768804204E0
9.251901917E0,2.511952442E0,1.897051826E-1,4.864883423E-3,2.519110318E0
9.261962917E0,2.181548213E0,5.367673802E-1,-1.470615667E-1,2.251421535E0
9.272024917E0,1.630653082E0,6.636045244E-1,-7.325157881E-2,1.762034686E0
9.282085917E0,1.572340847E0,2.913181144E-1,-5.682850420E-2,1.600109828E0
9.292146917E0,2.070521282E0,5.677867496E-2,2.144992590E-2,2.071410702E0
9.302208917E0,2.230608691E0,1.213767583E-1,-7.209733844E-2,2.235071694E0
9.312269917E0,2.099647725E0,7.667516743E-1,6.023216844E-3,2.235277383E0
9.322331917E0,1.696425634E0,1.266587310E0,2.008518577E-2,2.117193132E0
9.332392917E0,1.517029403E0,1.147262741E0,-7.963439941E-2,1.903662692E0
9.342453917E0,1.199010892E0,9.313801041E-1,-9.732105732E-3,1.518285458E0
9.352515917E0,1.491337907E0,1.190337352E0,1.091201538E-1,1.911255862E0
9.362576917E0,1.264324145E0,1.031531725E0,4.187775850E-2,1.632276628E0
9.372638917E0,1.740302117E0,5.357864002E-2,-1.059971559E-1,1.744350173E0
9.382699917E0,2.438736385E0,6.286066729E-1,-7.696748435E-2,2.519624079E0
9.392760917E0,2.139874522E0,1.090127770E0,3.519205213E-2,2.401807654E0
9.402822917E0,1.525205126E0,9.055071250E-1,-4.114919543E-2,1.774228589E0
9.412883917E0,1.759895844E0,8.897483671E-1,-7.453211904E-2,1.973433702E0
9.422945917E0,1.658187036E0,6.351926111E-1,1.182558435E-1,1.779617471E0
9.433006917E0,1.357327033E0,8.610924789E-1,2.649899662E-2,1.607643968E0
9.443067917E0,7.220737573E-1,7.210721292E-1,6.752481580E-2,1.022690142E0
9.453129917E0,4.028040517E-1,5.618248920E-1,-4.233267188E-2,6.925968296E-1
9.463190917E0,6.042727906E-1,4.159829083E-1,-1.152404344E-1,7.426087416E-1
9.473251917E0,9.647939448E-1,6.122450671E-1,-1.278090245E-1,1.149785426E0
9.483313917E0,7.405248655E-1,5.372070178E-1,1.708351761E-1,9.306734733E-1
9.493374917E0,4.934118111E-2,5.891712964E-1,-1.065111262E-1,6.007511869E-1
9.503436917E0,-3.965863784E-1,6.589505792E-1,1.777647114E-1,7.893648801E-1
9.513497917E0,-2.851678303E-1,8.898248926E-1,7.866843939E-3,9.344361498E-1
9.523558917E0,-1.703262308E-1,6.186273761E-1,4.880670905E-3,6.416655486E-1
9.533620917E0,-2.275441413E-1,8.363094208E-1,-8.222471595E-2,8.706036339E-1
9.543681917E0,-1.776475935E-2,7.190297699E-1,2.885133147E-2,7.198276155E-1
9.553743917E0,3.107667211E-1,5.165705857E-1,8.348069787E-3,6.029019948E-1
9.563804917E0,-2.313303779E-1,4.370595991E-1,8.963079929E-2,5.025619535E-1
9.573865917E0,-8.547625025E-1,7.479299256E-1,-7.951102316E-2,1.138569327E0
9.583927917E0,-9.435856551E-1,1.291243118E0,-1.232312393E-1,1.604010167E0
9.593988917E0,-1.058296478E0,1.061557836E0,-1.304028493E-1,1.504626657E0
9.604050917E0,-1.119517045E0,8.992030956E-1,1.576005882E-1,1.444549261E0
9.614111917E0,-3.832330554E-1,1.056284159E0,-1.220109254E-1,1.130261237E0
9.624172917E0,-3.372975485E-1,7.778783409E-1,-2.156394660E-2,8.481328630E-1
9.634234917E0,-3.200580930E-1,1.110995386E0,-4.386698127E-2,1.157010044E0
9.644295917E0,-3.983460979E-1,7.678605256E-1,1.467651129E-4,8.650372374E-1
9.654357917E0,-6.689170852E-1,6.784050697E-1,-6.915735841E-2,9.552309908E-1
9.664418917E0,-9.598373332E-1,9.872076380E-1,5.030710459E-2,1.377823440E0
9.674479917E0,-1.202710498E0,8.961214668E-1,-3.276487291E-2,1.500206574E0
9.684541917E0,-1.245298328E0,5.187369426E-1,1.007808548E-1,1.352779628E0
9.694602917E0,-7.627706706E-1,5.346195883E-1,-2.170065451E-1,9.564146803E-1
9.704663917E0,-3.940141517E-1,2.917856541E-1,8.447940230E-2,4.975166219E-1
9.714725917E0,-1.082581938E0,1.744279978E-1,1.600856549E-1,1.108167946E0
9.724786917E0,-1.968304205E0,4.847066226E-1,-1.518662238E-1,2.032787569E0
9.734848917E0,-2.096305456E0,1.317863371E-1,1.057620978E-1,2.103104806E0
9.744909917E0,-2.303545251E0,1.755568758E-1,2.582598209E-2,2.310369650E0
9.754970917E0,-2.601779708E0,1.291797580E-1,-1.585922760E-1,2.609807765E0
9.765032917E0,-2.931632545E0,1.296637430E-1,-3.869219542E-2,2.934753678E0
9.775093917E0,-3.112340160E0,2.773416245E-1,1.091990912E-1,3.126580255E0
9.785155917E0,-3.120510767E0,1.529200931E-1,-6.959940791E-3,3.124263184E0
9.795216917E0,-3.565006453E0,-5.882167384E-2,-2.821281552E-2,3.565603310E0
9.805277917E0,-3.638472917E0,2.070600475E-1,9.064119816E-2,3.645486916E0
9.815339917E0,-3.126835700E0,-4.220198661E-2,-9.632527649E-2,3.128603692E0
9.825400917E0,-3.032843755E0,-6.587346708E-1,-5.815933049E-2,3.104102949E0
9.835462917E0,-7.386702018E-1,-5.217931726E-1,1.668269098E-2,9.045330808E-1
9.845523917E0,2.234721038E-1,9.458490757E-2,-3.316072941E-2,2.449198234E-1
9.855584917E0,-3.515584507E-2,-1.311038939E-2,-3.521193266E-3,3.768573410E-2
9.865646917E0,-1.131211476E-2,-1.224059779E-3,-6.249737978E-2,6.352467821E-2
9.875707917E0,4.430289119E-2,6.065261979E-3,4.857048154E-2,6.601988525E-2
9.885769917E0,3.193206495E-2,5.755997261E-2,4.842605531E-2,8.171835811E-2
9.895830917E0,1.320072522E-1,4.423219836E-1,8.923435807E-3,4.616863432E-1
9.905891458E0,1.436113258E-1,6.221099778E-1,1.017497385E-1,6.465276843E-1
9.915953458E0,-3.237389518E-2,3.503469624E-1,-3.234621227E-2,3.533232806E-1
9.926014458E0,-5.494383696E-1,1.305776445E-1,-6.660797238E-2,5.686560167E-1
9.936075458E0,-2.200879254E0,1.321000402E-1,2.950797379E-2,2.205037558E0
9.946137458E0,-3.240630410E0,8.805345805E-2,-8.753925025E-2,3.243008170E0
9.956198458E0,-2.992112635E0,-1.651552822E-1,4.232799411E-3,2.996670186E0
9.966260458E0,-2.499882912E0,-8.347965633E-2,-1.030963522E-1,2.503400145E0
9.976321458E0,-2.711626671E0,-2.471198519E-1,2.335687834E-1,2.732863297E0
9.986382458E0,-3.362538132E0,-4.715981153E-1,-1.552903533E-2,3.395483563E0
9.996444458E0,-2.632163010E0,-6.076153880E-1,-1.996455771E-1,2.708751913E0
1.000650546E1,-2.045760370E0,2.747310072E-1,7.128457546E-2,2.065355686E0
1.001656746E1,-1.818915739E0,1.609830563E-1,3.505815089E-2,1.826362254E0
1.002662846E1,-2.109327790E0,-1.992817158E-1,9.688543975E-2,2.120934633E0
1.003668946E1,-1.434294810E0,-8.074425576E-2,-8.244691014E-2,1.438929717E0
1.004675146E1,-9.243524817E-1,-4.860879907E-2,-1.611849314E-1,9.395588901E-1
1.005681246E1,-1.169394452E0,-3.498885407E-1,1.721660024E-1,1.232698872E0
1.006687446E1,-1.809920528E0,-4.191139096E-1,-8.231885612E-2,1.859635766E0
1.007693546E1,-1.571083550E0,-3.315510877E-1,-1.573216760E-1,1.613375267E0
1.008699646E1,-1.312595980E0,-1.603008324E-1,1.580484849E-1,1.331759695E0
1.009705846E1,-9.976617287E-1,-1.811175414E-1,-9.538621366E-2,1.018445393E0
1.010711946E1,-4.039721792E-1,-3.611431883E-1,2.038380307E-1,5.789368418E-1
1.011718146E1,-1.060488234E0,-6.235251501E-1,2.540556729E-2,1.230473222E0
1.012724246E1,-1.288383098E0,-4.781977579E-1,-1.579701322E-1,1.383314377E0
1.013730346E1,-8.256313817E-1,-6.442968721E-1,-1.787026048E-2,1.047427794E0
1.014736546E1,-1.035566304E0,-6.256041276E-1,-1.886767852E-1,1.224490516E0
1.015742646E1,-9.595991322E-1,-6.046417134E-1,1.554417962E-1,1.144807516E0
1.016748746E1,-1.255834718E0,-6.386328936E-1,-1.039927304E-2,1.408929011E0
1.017754946E1,-1.270199573E0,-6.268768472E-1,4.302205861E-2,1.417121179E0
1.018761046E1,-9.130077139E-1,-7.542920617E-1,2.458871126E-2,1.184543880E0
1.019767246E1,-8.285051420E-1,-8.195546629E-1,-2.360404015E-2,1.165610469E0
1.020773346E1,-2.677210727E-1,-7.322440387E-1,1.206660658E-1,7.889335868E-1
1.021779446E1,1.726367946E-1,-1.108885638E0,-1.130243397E-1,1.127920796E0
1.022785646E1,7.670189651E-1,-9.212389125E-1,2.604232907E-2,1.199031872E0
1.023791746E1,1.038733229E0,-1.030201338E0,5.100584686E-2,1.463858980E0
1.024797946E1,9.999930136E-1,-1.040214256E0,-7.309545815E-2,1.444774955E0
1.025804046E1,1.396334394E0,-1.024090413E0,1.201520956E-1,1.735784387E0
1.026810146E1,4.518654070E-1,-1.454703347E0,9.140309036E-2,1.526007437E0
1.027816346E1,-1.835530529E-1,-1.431551296E0,-1.050089765E-1,1.447085942E0
1.028822446E1,4.126177992E-1,-1.258044235E0,1.786558270E-2,1.324102687E0
1.029828646E1,3.667949243E-1,-1.165641417E0,5.286058366E-2,1.223132319E0
1.030834746E1,5.821691094E-1,-1.335284638E0,-3.831505001E-2,1.457180147E0
1.031840846E1,8.442983984E-1,-1.376365860E0,1.871225953E-2,1.614798103E0
1.032847046E1,1.496014949E0,-1.155990953E0,1.761672521E-1,1.898791908E0
1.033853146E1,1.563975821E0,-1.340745791E0,1.312407553E-1,2.064181140E0
1.034859346E1,1.133430933E0,-1.585301493E0,-1.492928642E-1,1.954516529E0
1.035865446E1,9.986900347E-1,-1.428043552E0,1.210215765E-1,1.746807486E0
1.036871546E1,1.090350768E0,-1.406382541E0,6.096657872E-2,1.780587985E0
1.037877746E1,5.953519495E-1,-1.315145658E0,1.090055484E-1,1.447734180E0
1.038883846E1,4.280189997E-1,-1.231308719E0,1.140768385E-1,1.308562169E0
1.039889946E1,6.658988987E-1,-8.435367986E-1,-9.505116820E-2,1.078893136E0
1.040896146E1,1.315684333E0,-9.537204878E-1,1.808543801E-3,1.624995786E0
1.041902246E1,1.925090650E0,-8.129014816E-1,1.173629737E-1,2.092977997E0
1.042908446E1,1.935062930E0,-9.446193697E-1,1.629969835E-2,2.153378735E0
1.043914546E1,2.137253800E0,-1.132214347E0,-5.377801180E-2,2.419226159E0
1.044920646E1,2.026696401E0,-1.141859183E0,5.996202707E-2,2.327001534E0
1.045926846E1,1.653401383E0,-9.030902515E-1,9.362737119E-2,1.886285826E0
1.046932946E1,1.281912569E0,-6.654045897E-1,-3.064057946E-2,1.444645960E0
1.047939146E1,1.341856762E0,-5.078669322E-1,6.033098638E-2,1.436018182E0
1.048945246E1,1.566662762E0,-7.388024951E-1,4.519137561E-2,1.732715671E0
1.049951346E1,1.648536061E0,-3.912993260E-1,4.322495699E-2,1.694890764E0
1.050957546E1,2.157941980E0,-2.506541831E-1,1.357448655E-1,2.176687340E0
1.051963646E1,1.708047852E0,-7.585853067E-1,-7.233239651E-2,1.870323798E0
1.052969846E1,1.582508863E0,-7.226217145E-1,-1.534484804E-2,1.739756278E0
1.053975946E1,2.250541411E0,-5.889172348E-1,1.099177140E-1,2.328914351E0
1.054982046E1,2.437355711E0,-5.286784883E-1,-7.873217404E-2,2.495276050E0
1.055988246E1,2.591696185E0,-4.371873973E-1,1.350285816E-1,2.631777850E0
1.056994346E1,2.455607210E0,1.983837845E-1,5.956324697E-2,2.464327632E0
1.058000546E1,2.105459273E0,-3.063210831E-1,-7.859476447E-2,2.129076911E0
1.059006646E1,2.106552994E0,-2.192511267E-1,4.818748891E-2,2.118480259E0
1.060012746E1,2.087084690E0,4.598551521E-1,1.809596300E-2,2.137221731E0
1.061018946E1,2.330572544E0,3.044564243E-1,-4.553226829E-2,2.350815876E0
1.062025046E1,2.314995561E0,2.210343448E-1,2.573476553E-2,2.325666121E0
1.063031146E1,2.362468374E0,3.845920214E-2,2.678083241E-2,2.362933165E0
1.064037346E1,2.675689683E0,-4.379056547E-2,-6.229214251E-2,2.676772909E0
1.065043446E1,2.040861427E0,9.376330434E-1,7.692246079E-2,2.247262368E0
1.066049646E1,1.927295927E0,-2.463779133E-2,3.034821868E-2,1.927692306E0
1.067055746E1,1.725910804E0,3.555303729E-1,-4.855293989E-2,1.762818010E0
1.068061846E1,2.180702998E0,2.941463761E-1,9.375425577E-3,2.200471666E0
1.069068046E1,2.592908312E0,2.987304104E-1,2.971905828E-2,2.610229223E0
1.070074146E1,1.437781066E0,1.379381561E0,-6.878313661E-2,1.993649670E0
1.071080346E1,1.282612043E0,5.475401807E-1,2.642064393E-2,1.394844777E0
1.072086446E1,1.829434002E0,4.714070940E-1,-4.036566854E-2,1.889625043E0
1.073092546E1,1.048019485E0,8.319787536E-1,-2.915655613E-2,1.338425789E0
1.074098746E1,1.475632724E0,2.879117641E-1,6.080227196E-2,1.504686691E0
1.075104846E1,8.451237329E-1,6.498570625E-1,-9.259065986E-3,1.066130412E0
1.076111046E1,1.440554766E-1,9.086320963E-1,3.056573510E-2,9.204882025E-1
1.077117146E1,4.692766245E-1,7.084522299E-1,-5.864698827E-2,8.518007875E-1
1.078123246E1,1.126212911E0,5.106421303E-1,1.416306728E-1,1.244656641E0
1.079129446E1,6.598454225E-1,8.601469110E-1,-1.017590940E-1,1.088854262E0
1.080135546E1,9.600843050E-1,7.662471326E-1,2.428114772E-2,1.228611458E0
1.081141746E1,4.456963386E-1,8.899134779E-1,5.903992116E-2,9.970340700E-1
1.082147846E1,-7.465866557E-3,8.486966009E-1,-1.984258479E-1,8.716160145E-1
1.083153946E1,1.316555422E-3,9.226157856E-1,1.018696064E-1,9.282235926E-1
1.084160146E1,1.908232890E-2,1.101496438E0,-7.895963073E-2,1.104487737E0
1.085166246E1,8.209001803E-1,8.676431876E-1,8.929867744E-2,1.197771289E0
1.086172446E1,1.173606202E0,9.287289034E-1,-6.818496644E-2,1.498178255E0
1.087178546E1,9.579815000E-1,7.493220746E-1,-1.241790730E-1,1.222551663E0
1.088184646E1,4.709154528E-1,1.096620299E0,8.987696707E-2,1.196835541E0
1.089190846E1,-2.612177812E-1,1.303393778E0,8.958460629E-2,1.332327089E0
1.090196946E1,2.626101859E-1,1.167710308E0,-2.986114562E-2,1.197248162E0
1.091203042E1,1.385629750E0,9.575753378E-1,-2.492609560E-2,1.684500413E0
1.092209242E1,8.196477980E-2,9.102696821E-1,-8.990795732E-2,9.183640673E-1
1.093215342E1,-3.275881556E-2,1.280703219E0,7.654823899E-2,1.283406992E0
1.094221542E1,3.256480312E-1,1.632063138E0,-4.109423161E-3,1.664239651E0
1.095227642E1,-6.417553067E-1,1.247606078E0,5.906974196E-2,1.404229338E0
1.096233742E1,-8.788280341E-1,1.329881226E0,-1.298327458E-1,1.599305891E0
1.097239942E1,7.419845498E-1,1.417150774E0,2.600841522E-2,1.599854314E0
1.098246042E1,-1.070000265E0,1.248156447E0,-9.687140644E-2,1.646869501E0
1.099252242E1,1.719931075E-3,1.548980928E0,1.068748230E-1,1.552664517E0
1.100258342E1,1.218026184E-1,1.492778807E0,-1.656785166E-1,1.506875514E0
1.101264442E1,-1.034305864E0,1.014078664E0,-1.149445653E-2,1.448542812E0
1.102270642E1,-8.706520917E-1,1.394507431E0,-6.282131553E-2,1.645184658E0
1.103276742E1,-8.461663646E-1,1.583227924E0,1.156304437E-1,1.798882591E0
1.104282942E1,-1.297059051E0,1.506958744E0,-9.525289714E-2,1.990567746E0
1.105289042E1,-1.178103807E0,1.462246986E0,1.441215867E-1,1.883312470E0
1.106295142E1,-9.732588858E-1,1.547504799E0,-3.563877940E-2,1.828462218E0
1.107301342E1,-9.697753340E-1,1.240384767E0,1.944321996E-1,1.586449636E0
1.108307442E1,-1.144389054E0,1.124668150E0,-1.859133911E-1,1.615261138E0
1.109313642E1,-1.586074203E0,1.217095014E0,-8.156281114E-2,2.000900833E0
1.110319742E1,-2.699215371E0,1.259606173E0,-9.127386689E-2,2.980050712E0
1.111325842E1,-3.185288268E0,1.332473736E0,4.076854169E-2,3.453000099E0
1.112332042E1,-2.567013626E0,1.233101621E0,1.076887554E-1,2.849858844E0
1.113338142E1,-1.439859605E0,1.432979625E0,-7.552731514E-2,2.032813485E0
1.114344342E1,-8.696577727E-1,1.029906784E0,-7.326561213E-2,1.349955731E0
1.115350442E1,-1.277506692E0,8.528888353E-1,1.428007007E-2,1.536114135E0
1.116356542E1,-1.343606396E0,1.258504119E0,1.561867315E-1,1.847567335E0
1.117362742E1,-1.314008813E0,1.091487759E0,-4.152984917E-2,1.708709869E0
1.118368842E1,-1.474217113E0,8.724586621E-1,-8.749890447E-2,1.715271487E0
1.119374942E1,-1.544507516E0,1.119287396E0,-2.606688738E-3,1.907436640E0
1.120381142E1,-1.685306861E0,1.468138056E0,-9.420916915E-2,2.237088271E0
1.121387242E1,-1.243458063E0,1.145728139E0,-2.594468057E-2,1.691021600E0
1.122393442E1,-6.697134029E-1,8.131306194E-1,-7.921807766E-2,1.056396209E0
1.123399542E1,-2.833475738E-1,6.411377677E-1,1.921775132E-1,7.268257572E-1
1.124405642E1,4.272718078E-2,6.387401900E-1,-7.992734492E-2,6.451379874E-1
1.125411842E1,-9.888468501E-3,-1.215718178E-1,-5.564151943E-2,1.340651609E-1
1.126417942E1,-3.729877834E-1,3.075853242E-1,5.647182405E-2,4.867419082E-1
1.127424142E1,-9.735698115E-1,1.059190663E0,-5.874756038E-2,1.439852185E0
1.128430242E1,-1.283740555E0,7.792730480E-1,3.095165133E-2,1.502070005E0
1.129436342E1,-9.209017474E-1,2.875710176E-1,-1.533040541E-1,9.768619409E-1
1.130442542E1,-6.398094995E-1,1.932417979E-1,3.203397095E-2,6.691223830E-1
1.131448642E1,-1.596956456E-1,3.099590379E-1,-1.186984777E-4,3.486793921E-1
1.132454842E1,-2.253636598E-1,1.971511914E-1,3.986163855E-2,3.020700608E-1
1.133460942E1,-2.501437394E-1,-3.645379356E-1,-4.003822446E-2,4.439176233E-1
1.134467042E1,-1.417627742E-1,-4.029384280E-1,-1.681951582E-2,4.274797738E-1
1.135473242E1,1.144343044E-1,-2.327835023E-1,9.472430885E-2,2.761450048E-1
1.136479342E1,2.119522119E-1,6.210289372E-2,4.815474451E-2,2.260517395E-1
1.137485542E1,8.943810613E-2,-7.066062639E-1,2.793214917E-3,7.122495272E-1
1.138491642E1,1.068239887E-1,-8.064937373E-1,9.205914795E-2,8.187297475E-1
1.139497742E1,-9.360407369E-2,-7.310580772E-1,-6.676877081E-2,7.400443930E-1
1.140503942E1,-3.799310597E-1,-7.958742435E-1,1.043570119E-1,8.880618264E-1
1.141510042E1,-5.419509735E-1,-8.046362230E-1,4.269695342E-2,9.710681433E-1
1.142516242E1,-6.017188364E-1,-9.676028010E-1,2.728954017E-2,1.139765527E0
1.143522342E1,-3.075935103E-1,-1.263064216E0,-2.495006919E-3,1.299981233E0
1.144528442E1,4.349185954E-2,-1.410972898E0,-3.378228843E-2,1.412047203E0
1.145534642E1,-1.451220087E-1,-1.478046309E0,1.198234820E-1,1.489979515E0
1.146540742E1,-2.303028211E-1,-1.864154915E0,4.300042391E-2,1.878819303E0
1.147546842E1,-2.851905613E-1,-1.695319341E0,2.922146022E-2,1.719388036E0
1.148553042E1,-5.112464766E-1,-1.449604575E0,5.631745756E-2,1.538147600E0
1.149559142E1,-5.315796209E-1,-2.150577997E0,-8.794212341E-3,2.215319379E0
1.150565342E1,-3.149278922E-1,-1.721887627E0,1.486841691E-1,1.756753699E0
1.151571442E1,-4.273982447E-1,-1.454673380E0,-5.878147423E-2,1.517299958E0
1.152577542E1,-4.694108181E-1,-1.335017713E0,1.230955839E-1,1.420482782E0
1.153583742E1,-2.935061608E-1,-1.481406557E0,-3.870681345E-2,1.510698339E0
1.154589842E1,1.076465093E-1,-1.496323828E0,1.283510613E-1,1.505671532E0
1.155596042E1,5.554379784E-2,-1.762309575E0,-4.693735421E-2,1.763809305E0
1.156602142E1,5.179960273E-1,-1.804467123E0,1.192188799E-1,1.881125892E0
1.157608242E1,4.407815255E-2,-1.210076236E0,7.819656909E-2,1.213401040E0
1.158614442E1,2.392295551E-2,-1.024760796E0,-1.642974043E-1,1.038123612E0
1.159620542E1,2.277009198E-1,-8.848408721E-1,2.139683318E-1,9.383887920E-1
1.160626742E1,1.831404039E-1,-1.037062899E0,-3.002662182E-2,1.053537594E0
1.161632842E1,1.348786005E-1,-9.753082618E-1,4.811205983E-2,9.857652929E-1
1.162638942E1,2.333901510E-2,-2.292757942E-1,1.638097465E-2,2.310420649E-1
1.163645142E1,1.584743449E-2,2.772323912E-2,7.704291344E-3,3.284928116E-2
1.164651242E1,-1.306673627E-2,-2.031130856E-2,2.237729430E-2,3.292464354E-2
1.165657442E1,-2.480987763E-2,-4.644680936E-3,-2.021382451E-3,2.532171155E-2
1.166663542E1,4.225833002E-3,-7.664438915E-3,-1.010281920E-2,1.336668412E-2
1.167669642E1,7.077467542E-3,2.619773710E-2,2.772749662E-3,2.727819856E-2
1.168675842E1,8.235990540E-3,1.428220795E-2,2.175748944E-3,1.662969897E-2
1.169681942E1,1.252128698E-2,1.757512227E-2,-8.155696392E-3,2.306909045E-2
1.170688142E1,-7.972587179E-4,2.348271042E-2,1.574655175E-3,2.354894582E-2
1.171694242E1,-1.030950914E-2,7.281519379E-3,-2.621306777E-3,1.289099501E-2
1.172700342E1,1.741722460E-2,4.211621527E-3,-4.868976474E-3,1.856890952E-2
1.173706542E1,1.282536961E-2,-1.880099103E-3,5.308102369E-3,1.400717063E-2
1.174712642E1,2.801136067E-3,4.728935659E-5,1.518814266E-2,1.544436068E-2
1.175718742E1,-7.824035925E-3,-5.909835678E-3,1.219436824E-2,1.564750181E-2
1.176724942E1,-1.850769835E-2,-9.925191756E-3,-7.113137841E-3,2.217298039E-2
1.177731042E1,-1.786408436E-2,9.530961514E-5,7.855149508E-3,1.951507027E-2
1.178737242E1,1.320068776E-2,-4.635636024E-3,7.558695674E-3,1.590223755E-2
1.179743342E1,7.631155467E-3,-1.610725187E-3,-5.910950303E-3,9.786128084E-3
1.180749442E1,1.293635707E-2,1.287174990E-2,1.429819643E-2,2.318339279E-2
1.181755642E1,2.614258141E-3,7.645636462E-3,1.893854678E-2,2.059025635E-2
1.182761742E1,9.209912829E-4,1.580246575E-3,1.445314765E-2,1.456842068E-2
1.183767942E1,1.412115371E-2,-6.524469405E-3,1.132020950E-3,1.559670332E-2
1.184774042E1,1.534323092E-2,1.300429897E-2,5.474163294E-3,2.084449545E-2
1.185780142E1,-4.761337456E-3,1.141948426E-2,-8.596576452E-3,1.506572540E-2
1.186786342E1,-6.478989031E-3,5.379968304E-3,1.341117382E-2,1.583606457E-2
1.187792442E1,-1.689752134E-2,3.673622869E-3,2.119615674E-2,2.735505059E-2
1.188798642E1,-3.613506183E-3,2.722390518E-3,-7.537645698E-3,8.791185343E-3
1.189804742E1,2.089054836E-4,4.786220100E-3,-1.993900537E-3,5.189140940E-3
1.190810842E1,1.789640849E-3,-1.003569865E-1,1.357840419E-2,1.012872184E-1
1.191817042E1,4.216994387E-1,-1.091238375E0,2.839758754E-2,1.170229905E0
1.192823142E1,7.702602960E-1,-1.367594598E0,-1.097230017E-2,1.569629351E0
1.193829342E1,-6.224347814E-2,5.806098763E-2,7.226281464E-2,1.116568101E-1
1.194835442E1,-3.915935140E-1,-3.290463598E-1,-1.889293849E-2,5.118338893E-1
1.195841542E1,-1.828108585E-1,-9.650850631E-1,-1.020982325E-2,9.822999692E-1
1.196847742E1,4.537591008E-2,-7.885569647E-1,3.500377178E-2,7.906366573E-1
1.197853842E1,9.350481721E-2,-5.151177719E-1,-7.770949602E-4,5.235361245E-1
1.198860042E1,1.619794218E-1,-9.252237900E-1,3.110601783E-2,9.398106080E-1
1.199866142E1,4.058765716E-2,-7.396977769E-1,1.126781845E-1,7.493307229E-1
1.200872242E1,-2.257163382E-1,-5.115764789E-1,4.292616427E-2,5.608039003E-1
1.201878442E1,-3.563444881E-1,-4.944756754E-1,-4.884880900E-2,6.114522008E-1
1.202884542E1,-5.011698237E-1,-9.224656583E-1,-2.997925937E-2,1.050244181E0
1.203890742E1,-3.543038464E-1,-5.134926114E-1,7.794630826E-2,6.287141676E-1
1.204896842E1,-4.081041872E-1,-1.025133337E0,-1.007943034E-1,1.107974222E0
1.205902942E1,6.137977587E-2,-1.414884831E0,1.169998616E-1,1.421040299E0
1.206909142E1,1.720754254E-1,-5.855782554E-1,-9.505818486E-3,6.104115053E-1
1.207915242E1,1.629690265E-1,-1.191323850E0,2.836484313E-2,1.202753501E0
1.208921342E1,3.090662412E-1,-1.308562863E0,3.898572564E-2,1.345131441E0
1.209927542E1,-8.175782491E-2,-1.001806601E0,4.438036680E-2,1.006116506E0
1.210933642E1,-2.690302825E-1,-1.026428422E0,-5.324474573E-3,1.061113070E0
1.211939842E1,9.655523195E-3,-1.448845899E0,4.556325853E-2,1.449594315E0
1.212945942E1,5.492647804E-2,-9.944337002E-1,-5.263254225E-2,9.973392034E-1
1.213952042E1,3.767880351E-1,-1.193755561E0,1.048277128E-1,1.256188844E0
1.214958242E1,4.044354614E-1,-1.122367490E0,1.422358596E-1,1.201460721E0
1.215964342E1,4.685006259E-1,-1.475992913E0,-4.190114737E-2,1.549129956E0
1.216970542E1,1.250465257E-1,-9.796606368E-1,5.361078143E-2,9.890630479E-1
1.217976642E1,-1.373691124E-1,-1.244842684E0,7.396435440E-2,1.254581327E0
1.218982742E1,3.781928835E-3,-1.218128510E0,-2.093069315E-2,1.218314189E0
1.219988942E1,1.371897673E-1,-1.159577562E0,-4.535743654E-2,1.168545443E0
1.220995042E1,2.924239143E-1,-1.216170423E0,4.204615831E-2,1.251539102E0
1.222001242E1,3.550342367E-1,-9.962412938E-1,8.873559058E-2,1.061329369E0
1.223007342E1,1.890093456E-1,-1.523198947E0,-3.718653738E-2,1.535331366E0
1.224013442E1,2.067129787E-1,-1.269708699E0,-8.157450557E-3,1.286451313E0
1.225019642E1,8.246652572E-2,-8.916192569E-1,1.124711931E-1,9.024607451E-1
1.226025742E1,6.509751781E-2,-1.320873444E0,7.637808502E-2,1.324680322E0
1.227031942E1,1.089853572E-1,-1.085285617E0,6.454799831E-2,1.092652334E0
1.228038042E1,-2.517430077E-2,-8.482978208E-1,-1.585706413E-2,8.488194064E-1
1.229044142E1,-6.965185926E-2,-1.173759764E0,-2.425717413E-2,1.176074732E0
1.230050342E1,1.043630693E-1,-9.982688890E-1,5.264891446E-2,1.005089216E0
1.231056442E1,-2.001188544E-2,-8.141625798E-1,3.975404978E-2,8.153781739E-1
1.232062642E1,-9.462205566E-2,-1.343096957E0,-2.402094662E-2,1.346640180E0
1.233068742E1,3.722830112E-1,-7.469242776E-1,2.609086096E-2,8.349678137E-1
1.234074842E1,1.630754276E-1,-1.283178784E0,1.063959360E-2,1.293543423E0
1.235081042E1,2.785731578E-1,-9.342843430E-1,5.119061887E-2,9.762738946E-1
1.236087142E1,4.046641606E-1,-8.854633082E-1,1.157006103E-1,9.804004204E-1
1.237093242E1,2.782668367E-1,-1.122486188E0,7.468005359E-2,1.158872204E0
1.238099442E1,6.109723201E-2,-1.044047690E0,5.909254611E-2,1.047501972E0
1.239105542E1,5.820377298E-1,-1.781489758E0,5.594557464E-2,1.874994289E0
1.240111742E1,2.388050838E-3,3.372259932E-1,1.342070478E-1,3.629581312E-1
1.241117842E1,-9.442903908E-1,-6.457752675E-1,-1.541115546E-1,1.154322489E0
1.242123942E1,3.103932302E-1,-2.090244379E0,-6.254357278E-2,2.114090163E0
1.243130142E1,5.174986485E-1,-2.069899723E-2,8.938638568E-2,5.255694299E-1
1.244136242E1,-4.210232813E-1,-5.694292691E-1,1.083617699E-1,7.164164774E-1
1.245142442E1,-4.562315960E-1,-1.106324338E0,-1.589390159E-2,1.196809687E0
1.246148542E1,-7.742700242E-2,-7.445236301E-1,3.316716135E-2,7.492732727E-1
1.247154642E1,-3.374513303E-1,-7.710618031E-1,8.568392873E-2,8.460209455E-1
1.248160842E1,-4.360100239E-1,-4.511993726E-1,4.898563385E-2,6.293530067E-1
1.249166942E1,-3.605730117E-1,-3.218680255E-1,-1.143499035E-1,4.966767792E-1
1.250173142E1,-5.880582240E-2,-1.010186099E0,5.536202252E-2,1.013409608E0
1.251179242E1,4.887661617E-1,-7.672517574E-1,6.882816017E-2,9.123074787E-1
1.252185342E1,2.757417898E-1,-6.661209467E-1,-2.101196945E-2,7.212434770E-1
1.253191542E1,1.475495991E-2,-7.770799036E-1,-5.288221836E-3,7.772379628E-1
1.254197642E1,-1.201783258E-1,-2.842274518E-1,1.526246077E-1,3.442707441E-1
1.255203842E1,4.927461878E-2,-8.589686240E-1,2.282986879E-2,8.606836166E-1
1.256209942E1,2.163019190E-1,-6.184279861E-1,8.588390350E-3,6.552201573E-1
1.257216042E1,2.920815781E-2,-4.171653615E-1,3.626443148E-2,4.197560771E-1
1.258222242E1,-1.643750992E-1,-7.650502076E-1,9.072539806E-2,7.877512877E-1
1.259228342E1,-1.723953412E-1,-8.822414924E-1,-4.610003293E-2,9.001085588E-1
1.260234542E1,-2.636267609E-1,-1.033941728E0,-2.231239021E-2,1.067254613E0
1.261240642E1,-4.970449420E-1,-2.070611439E-1,7.242010474E-2,5.432979507E-1
1.262246742E1,-4.296806322E-1,-3.659412308E-1,1.018894869E-1,5.735153857E-1
1.263252942E1,-1.534091213E-1,-4.841516122E-1,-4.975103438E-2,5.103060920E-1
1.264259042E1,-2.017789702E-1,-2.234318859E-1,-4.569891393E-2,3.045077194E-1
1.265265242E1,3.222780615E-2,-1.711961138E-1,-7.388541698E-3,1.743597758E-1
1.266271342E1,1.885931152E-1,-3.267446034E-2,-2.836075008E-2,1.934924175E-1
1.267277442E1,1.954411367E-1,-2.746299234E-1,3.210472226E-2,3.385993886E-1
1.268283642E1,-5.891832192E-2,2.944674248E-2,3.960319161E-3,6.598608511E-2
1.269289742E1,-1.023142323E-1,2.713919547E-1,4.136086464E-2,2.929718695E-1
1.270295842E1,-1.459288240E-2,2.292820069E-1,-5.237526476E-2,2.356403176E-1
1.271302042E1,-8.939736748E-2,5.140833264E-1,8.530502915E-3,5.218681110E-1
1.272308142E1,-2.241654374E-1,6.771414864E-1,3.965874016E-2,7.143833366E-1
1.273314342E1,-2.774381584E-1,4.243870017E-1,-2.954481125E-2,5.078869508E-1
1.274320442E1,-5.268858051E-1,5.659682656E-1,-3.587793052E-2,7.740904050E-1
1.275326542E1,-6.698638956E-1,7.270324154E-1,8.694809675E-3,9.886199328E-1
1.276332742E1,-4.512708548E-1,8.301608542E-1,-3.952659309E-2,9.457138996E-1
1.277338842E1,1.519795228E-1,6.306727865E-1,4.470781088E-3,6.487418029E-1
1.278345042E1,6.576209224E-1,7.833744313E-1,-6.050874174E-2,1.024598499E0
1.279351142E1,7.658177277E-1,9.358242803E-1,-1.905958414E-2,1.209382960E0
1.280357242E1,5.807253953E-1,9.492105304E-1,4.650875330E-2,1.113735013E0
1.281363442E1,1.121956156E-1,1.019692283E0,-8.987053514E-2,1.029775180E0
1.282369542E1,-1.971113573E-1,1.133635951E0,4.184910715E-2,1.151405535E0
1.283375742E1,-3.004234352E-1,1.388056344E0,-1.285019195E-1,1.425996984E0
1.284381842E1,8.975885332E-2,1.409293139E0,5.874872983E-2,1.413370163E0
1.285387942E1,3.313111692E-1,1.278164504E0,2.476588190E-2,1.320638080E0
1.286394142E1,2.516196680E-1,1.108546865E0,-3.195678771E-2,1.137193846E0
1.287400242E1,2.206935252E-1,1.350292540E0,2.195044756E-2,1.368384960E0
1.288406442E1,2.827070296E-2,8.964163126E-1,-1.934200466E-2,8.970705386E-1
1.289412542E1,3.861033440E-2,9.714121889E-1,-1.497354984E-2,9.722945058E-1
1.290418642E1,-1.202427457E-1,1.050547967E0,-4.073813617E-2,1.058191355E0
1.291424817E1,-2.224350818E-1,1.087939011E0,-2.504187047E-2,1.110727578E0
1.292430917E1,-4.818113007E-2,1.243284693E0,-2.431272268E-2,1.244455447E0
1.293437117E1,5.101310563E-2,1.124348526E0,-4.225314975E-2,1.126298040E0
1.294443217E1,1.494892393E-1,1.153732027E0,3.648779511E-2,1.163948445E0
1.295449317E1,1.360204887E-2,1.347486608E0,-3.460440695E-2,1.347999495E0
1.296455517E1,2.703295704E-2,1.110417170E0,8.858356297E-2,1.114272910E0
1.297461617E1,3.023725691E-3,9.316383317E-1,-1.742739236E-1,9.478029988E-1
1.298467817E1,-8.935357732E-2,6.554967751E-1,8.443379402E-4,6.615593676E-1
1.299473917E1,-2.864586945E-1,7.764435804E-1,-2.953428626E-2,8.281277023E-1
1.300480017E1,-1.931867792E-1,9.669674280E-1,-3.074699879E-2,9.865558861E-1
1.301486217E1,1.798705313E-1,9.429584681E-1,-2.168147564E-3,9.599629063E-1
1.302492317E1,2.384338313E-1,6.964033842E-1,-3.703158617E-2,7.370208300E-1
1.303498517E1,2.310272363E-1,9.457666665E-1,-2.893494666E-2,9.740048268E-1
1.304504617E1,1.059907514E-1,1.161624088E0,-3.656673253E-2,1.167022573E0
1.305510717E1,1.946839222E-1,1.121646162E0,-7.984957695E-3,1.138444422E0
1.306516917E1,2.650719551E-1,1.009375456E0,-2.637854397E-2,1.043933800E0
1.307523017E1,3.700503250E-1,1.046003511E0,3.244152188E-2,1.110005874E0
1.308529117E1,7.571303002E-1,1.212955770E0,-8.190194964E-2,1.432206662E0
1.309535317E1,3.412025019E-1,1.147426756E0,-1.547968483E-1,1.207049863E0
1.310541417E1,-2.003220999E-1,1.197732837E0,4.757587016E-2,1.215300932E0
1.311547617E1,-1.877795848E-1,1.341383869E0,-3.867114544E-2,1.355015614E0
1.312553717E1,1.857982010E-1,1.411445061E0,-3.211758614E-2,1.423983732E0
1.313559817E1,4.319253418E-1,1.113001931E0,4.982821763E-2,1.194912403E0
1.314566017E1,7.288692451E-1,1.017201077E0,3.053942263E-2,1.251751199E0
1.315572117E1,6.850391744E-1,1.721764251E0,-2.879496431E-1,1.875277527E0
1.316578317E1,6.730046544E-1,1.968650945E0,1.657744110E-1,2.087103965E0
1.317584417E1,1.725309052E-1,1.326690693E0,-2.082626188E-1,1.353975047E0
1.318590517E1,-1.223246468E-1,1.626223232E0,-4.165790319E-2,1.631349349E0
1.319596717E1,-2.768910234E-1,2.000062187E0,-1.570597208E-1,2.025237060E0
1.320602817E1,-3.540202929E-1,1.881790118E0,3.845947623E-2,1.915187601E0
1.321609017E1,-5.192420689E-1,1.790378256E0,-7.121616304E-2,1.865512897E0
1.322615117E1,-4.077407097E-1,1.627334788E0,-1.167636341E-1,1.681696983E0
1.323621217E1,-3.605271476E-1,1.685526716E0,-1.402787966E-1,1.729351982E0
1.324627417E1,-6.116451428E-1,1.293929328E0,7.411404312E-2,1.433127970E0
1.325633517E1,-6.843082725E-1,1.176309516E0,2.229473162E-1,1.379016822E0
1.326639717E1,-6.022089427E-1,8.825190159E-1,-1.103667802E-1,1.074093222E0
1.327645817E1,-5.329084006E-1,5.876287278E-1,-3.143755496E-2,7.939062949E-1
1.328651917E1,-1.192045031E0,8.103120422E-1,-2.106225550E-2,1.441534106E0
1.329658117E1,-8.445296558E-1,7.628951432E-1,1.278201342E-2,1.138157598E0
1.330664217E1,-2.154201955E-1,4.554903518E-1,4.092115402E-2,5.055213764E-1
1.331670417E1,2.646489090E-2,9.466545297E-2,-2.936647117E-2,1.025881478E-1
1.332676517E1,1.898764512E-1,-6.364021808E-2,2.099659127E-1,2.901531123E-1
1.333682617E1,3.818016570E-1,-5.370428206E-2,5.621185684E-1,6.816406239E-1
1.334688817E1,-1.383582786E-1,6.235713797E-2,-1.885855687E-1,2.420659881E-1
1.335694917E1,-7.067916937E-1,1.092813908E-1,-1.437356120E0,1.605456177E0
1.336701117E1,9.226649570E-2,1.162839431E-2,3.728634936E-1,3.842857148E-1
1.337707217E1,4.246871101E-1,-7.015874891E-2,7.069991237E-1,8.277252880E-1
1.338713317E1,2.206248752E-1,-3.214420924E-2,3.850262868E-1,4.449200235E-1
1.339719517E1,-3.357106142E-1,7.996129531E-2,-6.137126452E-1,7.040870941E-1
1.340725617E1,-3.170018996E-1,7.715443080E-2,-5.823850179E-1,6.675442454E-1
1.341731817E1,2.745823965E-1,-2.312814988E-2,5.701807094E-1,6.332743838E-1
1.342737917E1,2.387136754E-1,-3.796712240E-2,3.980281556E-1,4.656738492E-1
1.343744017E1,-1.189175473E-1,3.787066162E-2,-2.303697717E-1,2.620034385E-1
1.344750217E1,-2.720220104E-1,4.374716816E-2,-5.089252782E-1,5.787181764E-1
1.345756317E1,1.475778210E-1,-1.623790059E-3,3.278218067E-1,3.595121512E-1
1.346762417E1,1.556681200E-1,1.328999028E-3,3.135967004E-1,3.501102974E-1
1.347768617E1,-9.713348961E-2,3.849057611E-2,-2.023750573E-1,2.277544798E-1
1.348774717E1,-1.342879495E-1,4.409136817E-2,-2.171866393E-1,2.591280348E-1
1.349780917E1,1.174416644E-1,-1.237075316E-2,2.335255140E-1,2.616863500E-1
1.350787017E1,5.695503704E-2,-1.018859055E-3,9.686263561E-2,1.123711907E-1
1.351793117E1,-1.011995520E-1,2.336832426E-2,-1.972733617E-1,2.229444037E-1
1.352799317E1,5.694041443E-3,1.372560784E-2,2.666330338E-2,3.052451745E-2
1.353805417E1,3.558679857E-2,1.777295915E-2,1.256087172E-1,1.317567765E-1
1.354811617E1,-3.562515265E-2,1.729860378E-2,-6.075490952E-2,7.252277039E-2
1.355817717E1,-1.858882846E-2,1.185935933E-2,-4.608541489E-2,5.108869163E-2
1.356823817E1,3.610986399E-2,5.990746524E-3,7.620910048E-2,8.454370655E-2
1.357830017E1,-1.377270991E-2,1.782149104E-2,-3.770460069E-2,4.391958555E-2
1.358836117E1,-9.386658627E-3,9.739688840E-3,-7.169855833E-3,1.530940010E-2
1.359842317E1,1.879880746E-2,5.563315060E-3,3.698890150E-2,4.186316364E-2
1.360848417E1,-1.412735724E-2,1.241948605E-2,-1.315681994E-2,2.295490726E-2
1.361854517E1,3.998170746E-4,2.024245759E-2,-8.069742322E-3,2.179535924E-2
1.362860717E1,-2.055913000E-3,9.329031575E-3,2.920157969E-2,3.072441805E-2
1.363866817E1,5.399538204E-5,1.279878762E-2,-1.037880778E-3,1.284091416E-2
1.364873017E1,-3.284243988E-3,2.505287055E-2,2.126866221E-2,3.302708848E-2
1.365879117E1,5.087159844E-3,2.594098952E-2,2.561021984E-2,3.680621541E-2
1.366885217E1,-1.454219892E-2,2.002609234E-2,-7.172194719E-3,2.576742713E-2
1.367891417E1,-3.283659266E-3,2.109457964E-2,-1.484608054E-3,2.140018153E-2
1.368897517E1,-4.264506851E-3,9.975313358E-3,6.449478865E-3,1.262096165E-2
1.369903717E1,-3.572927420E-3,5.195050109E-3,-5.226826072E-3,8.189875870E-3
1.370909817E1,-1.453795055E-2,2.139892722E-2,-6.571685672E-3,2.669181794E-2
1.371915917E1,-2.301051578E-2,1.932089986E-2,7.803694010E-3,3.104317394E-2
1.372922117E1,4.786905320E-4,2.237460824E-2,-1.627864838E-3,2.243885430E-2
1.373928217E1,9.288009703E-3,1.776548568E-2,5.709221363E-3,2.084405945E-2
1.374934417E1,1.286115639E-2,1.192961728E-2,2.397358418E-5,1.754211182E-2
1.375940517E1,-2.640566044E-3,1.110813830E-2,-7.197922468E-4,1.144034206E-2
1.376946617E1,-6.436939328E-3,7.751032524E-3,2.577452660E-3,1.039980554E-2
1.377952817E1,-5.709924856E-3,1.512444455E-2,1.710252106E-2,2.353398163E-2
1.378958917E1,2.719795816E-3,1.717104312E-2,6.477545500E-3,1.855264420E-2
1.379965017E1,-3.379238402E-3,7.469288092E-3,1.990976930E-3,8.436439173E-3
1.380971217E1,-1.029004888E-3,6.844476555E-3,3.038797975E-3,7.559100707E-3
1.381977317E1,-4.281550571E-3,1.498142531E-2,-1.043143272E-2,1.875072181E-2
1.382983517E1,3.338842364E-3,3.938357385E-2,1.666281044E-2,4.289362434E-2
1.383989617E1,-1.123910679E-2,8.641545195E-3,4.838570952E-3,1.498017336E-2
1.384995717E1,-1.939822929E-3,1.314890793E-2,7.940518856E-4,1.331492437E-2
1.386001917E1,-2.448978368E-4,1.489760913E-2,-2.649373412E-3,1.513333777E-2
1.387008017E1,1.366909998E-3,8.976042476E-3,2.738835812E-3,9.483617615E-3
1.388014217E1,-8.849349758E-4,1.952705076E-2,-5.941940546E-3,2.043025890E-2
1.389020317E1,-7.508062441E-3,6.434641555E-3,-6.541864872E-3,1.185628987E-2
1.390026417E1,6.126689720E-3,1.538077187E-2,4.388920069E-3,1.712796221E-2
1.391032704E1,1.530979215E-3,7.857945208E-3,-1.641138017E-2,1.825991784E-2
1.392038804E1,8.864867720E-3,5.769338049E-3,2.580083907E-2,2.788466313E-2
1.393045004E1,6.472707842E-3,1.541320564E-2,-8.449226618E-4,1.673848109E-2
1.394051104E1,-5.292269206E-3,1.538534001E-2,2.624990523E-2,3.088323696E-2
1.395057204E1,2.794946241E-3,1.575879436E-2,-1.640962601E-2,2.292219775E-2
1.396063404E1,6.318702232E-3,1.593154304E-2,2.670364916E-2,3.173050488E-2
1.397069504E1,6.472182507E-3,1.358065171E-2,-2.613646924E-2,3.015689427E-2
1.398075704E1,-1.059305342E-4,8.042004593E-3,2.056641161E-2,2.208307827E-2
1.399081804E1,-6.341456124E-3,1.439447450E-2,5.748982430E-3,1.674711201E-2
1.400087904E1,-2.190246841E-2,1.372451149E-4,1.113836110E-2,2.457234313E-2
1.401094104E1,2.903284184E-3,1.945551373E-2,-1.730249584E-2,2.619775631E-2
1.402100204E1,-5.431921729E-3,1.422958301E-2,2.251528859E-2,2.718317544E-2
1.403106404E1,-9.560384885E-3,1.159150204E-2,-8.467937708E-3,1.724731422E-2
1.404112504E1,-3.356817984E-3,2.406693863E-2,1.862689018E-2,3.061775302E-2
1.405118604E1,2.107073396E-2,1.631455394E-2,1.069572687E-2,2.871478841E-2
1.406124804E1,2.224280834E-3,2.430614457E-2,1.893036067E-2,3.088842249E-2
1.407130904E1,-9.940376244E-3,5.991038885E-3,-5.618589520E-3,1.289465684E-2
1.408137104E1,-1.250411079E-2,1.587648785E-2,9.649659991E-3,2.239490100E-2
1.409143204E1,-1.386913871E-2,7.846086323E-3,-8.069157600E-5,1.593488595E-2
1.410149304E1,-1.068971977E-2,6.113921776E-3,2.612535954E-3,1.258870495E-2
1.411155504E1,-1.084248285E-2,2.263080765E-2,1.263992608E-2,2.809769777E-2
1.412161604E1,-1.859609180E-2,8.278999552E-3,9.046812057E-3,2.227557569E-2
1.413167804E1,-1.275769265E-2,1.037698053E-3,-2.178087831E-3,1.298382092E-2
1.414173904E1,-9.325162363E-3,2.484977117E-2,9.198254943E-3,2.809052641E-2
1.415180004E1,7.689106856E-3,2.280355632E-2,1.848012507E-2,3.034204291E-2
1.416186204E1,-4.493082734E-3,7.517381441E-3,-2.173994780E-3,9.023584071E-3
1.417192304E1,9.126978298E-3,1.339209728E-2,6.659393907E-3,1.752134497E-2
1.418198504E1,1.763205039E-2,3.530877717E-3,-8.605931997E-3,1.993535463E-2
1.419204604E1,-6.692033247E-3,1.225887034E-3,-2.464601398E-3,7.236046438E-3
1.420210704E1,7.702409271E-3,7.386348993E-3,6.518476009E-3,1.250503057E-2
1.421216904E1,4.681427032E-4,2.676029406E-2,2.163820624E-2,3.441721176E-2
1.422223004E1,1.039161227E-2,4.618880097E-3,1.909642160E-2,2.222595278E-2
1.423229204E1,1.702307202E-3,1.120542135E-2,-2.154698968E-3,1.153698596E-2
1.424235304E1,1.053678767E-2,1.933820397E-2,-6.796803474E-3,2.304748499E-2
1.425241404E1,-4.403218338E-3,2.149608236E-2,1.266389966E-2,2.533464511E-2
1.426247604E1,-1.716911080E-2,1.858820720E-2,-6.601506472E-4,2.531275590E-2
1.427253704E1,-8.282850492E-3,7.999283373E-3,1.161373973E-2,1.635460477E-2
1.428259804E1,-2.569728853E-2,1.317355759E-2,-4.401199222E-3,2.921067976E-2
1.429266004E1,-1.091327984E-4,2.053732172E-2,1.042032301E-2,2.302990719E-2
1.430272104E1,-5.944421045E-3,3.970076703E-4,-2.001501918E-3,6.284883974E-3
1.431278304E1,5.687618642E-3,1.713652628E-2,-1.252473593E-3,1.809912232E-2
1.432284404E1,9.038950293E-3,1.120830841E-2,-4.845587611E-3,1.519238359E-2
1.433290504E1,-5.042949412E-4,1.150936693E-2,1.371873736E-2,1.791434049E-2
1.434296704E1,4.077290883E-3,1.072421378E-2,3.241696358E-3,1.192231762E-2
1.435302804E1,-6.890148791E-3,2.517465709E-2,-1.700370312E-3,2.615585535E-2
1.436309004E1,-1.837461024E-2,2.725264790E-2,1.057468951E-2,3.452762918E-2
1.437315104E1,-7.929482237E-3,1.525410656E-3,5.478841066E-4,8.093438281E-3
1.438321204E1,-2.124339128E-3,4.845551066E-3,-1.262472332E-2,1.368852880E-2
1.439327404E1,-1.503427409E-2,1.330864655E-2,2.331869602E-3,2.021353720E-2
1.440333504E1,2.259996358E-2,1.119107740E-2,-5.802016675E-2,6.326403653E-2
1.441339704E1,2.458057541E-2,1.626865329E-2,1.265314078E-1,1.299194787E-1
1.442345804E1,-5.117338786E-2,1.617286859E-2,-9.951434791E-2,1.130636225E-1
1.443351904E1,1.892692544E-2,8.106177785E-3,5.884930193E-2,6.234724503E-2
1.444358104E1,-1.658265791E-2,1.306452530E-2,1.529163837E-2,2.606723170E-2
1.445364204E1,-2.282295263E-2,2.083476227E-2,-6.852352023E-3,3.165326545E-2
1.446370404E1,3.185661759E-2,1.000623051E-2,8.791873455E-2,9.404611964E-2
1.447376504E1,-8.046476799E-3,1.539562745E-2,2.507636905E-2,3.050566207E-2
1.448382604E1,-3.218152178E-3,2.224929510E-2,-4.003237724E-2,4.591273095E-2
1.449388804E1,-3.375497554E-2,1.721752848E-2,-1.427170855E-1,1.476618033E-1
1.450394904E1,4.661483915E-2,1.988420600E-2,1.078583246E-1,1.191710664E-1